iterID,x1,x2,x3,x4,x5,x6,ParetoFamily,Pareto_f1,Pareto_f2
1,0.8341962728239461,0.22995530327579788,0.0,1.0,0.0,0.33030181709366974,6,0.7782490809700946,2.748890466426527
1,0.769338149659573,0.23267897791424005,0.0,1.0,0.0,0.33314249378563787,6,0.7531666109468554,2.7488475447131266
1,0.7262799024938258,0.22992435205633027,0.0,1.0,0.0,0.33101092783451885,6,0.7291627676241499,2.748825962083452
1,0.6918006728264741,0.24258131263310562,0.0,1.0,0.0,0.35617438429132664,6,0.705697521478822,2.7488137856438972
1,0.6627939658567504,0.22990614381645016,0.0,1.0,0.0,0.331428089377522,6,0.6831714809943503,2.7488042418498004
1,0.6372396456916876,0.23018205789293664,0.0,1.0,0.0,0.33073752922053407,6,0.661338742147269,2.7487988944106108
1,0.6143161811292898,0.23023114008247222,0.0,1.0,0.0,0.33087315189941785,6,0.6402905530979499,2.7487957535953504
1,0.5931460933146232,0.22988616828741867,0.0,1.0,0.0,0.33188574056006115,6,0.6197255979640642,2.748794244815225
1,0.5741259316415374,0.23066244121010035,0.0,1.0,0.0,0.3332226326130083,0,0.6004108804574793,2.7487940336410457
1,0.5554582572674935,0.23066214246354655,0.0,1.0,0.0,0.33332102694897714,0,0.5807590149564623,2.7487948735008434
1,0.5378580578137053,0.23265056551359156,0.0,1.0,0.0,0.33166733393441894,0,0.5616704363352024,2.748796622261471
1,0.5214084423656046,0.23340253125792412,0.0,1.0,0.0,0.33125379013299927,0,0.5433940817019485,2.7487990943897227
1,0.5056962327650438,0.22933338193646302,0.0,1.0,0.0,0.3293534914474938,0,0.5255958174658206,2.7488021983141904
1,0.49050550252751446,0.24777018221233094,0.0,1.0,0.0,0.33487322113458734,0,0.5081252705560886,2.748806366070628
1,0.47593268096562036,0.23250620421394194,0.0,1.0,0.0,0.3378225769322272,0,0.4911461538096242,2.748810158052498
1,0.46259388255468104,0.23066065631635121,0.0,1.0,0.0,0.3338105002653608,0,0.47547340036546953,2.748814504987216
1,0.44849252782026156,0.23066043064650898,0.0,1.0,0.0,0.3338848262583878,0,0.45879199425389827,2.748819736606169
1,0.4348509377072967,0.25787233580947877,0.0,1.0,0.0,0.3461663254216721,0,0.442583440627894,2.748826801514104
1,0.4222284750134567,0.2327273403689882,4.221681696726118e-05,1.0,0.0012626680288495304,0.3340373228719259,112,0.42754782484901244,2.7488322218541517
1,0.4091875471665131,0.23272903635646836,6.379826086825739e-05,1.0,0.0012879199499221774,0.33409234577441355,112,0.41201177220673746,2.748838651534981
1,0.39695587510235053,0.23273062709931472,8.40404666044065e-05,1.0,0.0013116048610861575,0.33414395422644594,112,0.39746322455411875,2.748845143459544
1,0.3843327913509765,0.2327322687456956,0.00010493041991410933,1.0,0.001336047685885454,0.33419721414126924,112,0.38250057470997373,2.7488523112477328
1,0.3723718555161955,0.23273382427898778,0.00012472458400667738,1.0,0.0013592083544513545,0.3342476802901371,112,0.368396370697114,2.7488595417778
1,0.3604046381111933,0.23273538062920532,0.00014452914347578072,1.0,0.0013823811863937648,0.3342981729425044,112,0.3543810074909519,2.748867203349182
1,0.3479951842404029,0.23273699449277757,0.00016506556049285912,1.0,0.001406410347000868,0.3343505314999837,112,0.33997523946025865,2.748875599375645
1,0.3363552761424808,0.2327385082760479,0.00018432845547827482,1.0,0.0014289493905437307,0.3343996431533687,112,0.32660446112727054,2.74888389238978
1,0.32434411159792853,0.23082491622083656,0.0,1.0,0.0,0.33300562157028685,13,0.3129762653612354,2.748891396138334
1,0.3135875373523284,0.23082772436207438,0.0,1.0,0.0,0.33304941074518024,13,0.3009343655736088,2.748899770424102
1,0.30194577970559067,0.23083076359175678,0.0,1.0,0.0,0.3330968034326679,13,0.2880966133292636,2.7489092228588734
1,0.2898826984330573,0.2300615566955369,0.0,1.0,0.0,0.3316412006256476,51,0.2750313031115986,2.7489194408062976
1,0.27747908557592477,0.23007375844386566,0.0,1.0,0.0,0.33170614765183837,51,0.2618710000816501,2.7489304029167947
1,0.2647510572819325,0.2299485710377438,0.0,1.0,0.0,0.33157427955315016,51,0.2486818381534138,2.748942129071004
1,0.25411554087267807,0.2300967417549235,0.0,1.0,0.0,0.3318284823915008,51,0.2379242209969652,2.7489522977947627
1,0.24194960081654504,0.23010870969849426,0.0,1.0,0.0,0.3318921849301532,51,0.2259327253159711,2.7489643437356466
1,0.22738076667401858,0.23003279291904158,0.0,1.0,0.0,0.33191323544917406,51,0.21204173615507693,2.748979349846218
1,0.21462052377910715,0.230135594004213,0.0,1.0,0.0,0.3320352837435847,51,0.20032013006509716,2.7489930131894305
1,0.2024851788415576,0.24681693641107985,0.0,1.0,0.0,0.3358409240812026,35,0.18957743144106923,2.7490068936545544
1,0.18792695128517764,0.24685029424371113,0.0,1.0,0.0,0.33595656628543585,35,0.17723698517973,2.749023605497622
1,0.17698098253001843,0.24687537516735433,0.0,1.0,0.0,0.33604351477895356,35,0.16836570877602308,2.7490365870608753
1,0.15854876854819241,0.2328978164054979,0.0,1.0,0.0,0.33317019510556767,109,0.15424749189100573,2.749058822691051
1,0.14765276990135728,0.23291135835081467,0.0,1.0,0.0,0.33323373495703257,109,0.14639753084281087,2.7490726967863415
1,0.12428171564521036,0.23317414040277376,0.0,1.0,0.0008164323508462136,0.33614442848498965,139,0.13083337107306636,2.7491043958490433
1,0.10581969154684429,0.23313066943280292,0.0,1.0,0.0007458190376510147,0.336095217883055,139,0.11978877444697283,2.749129934668127
1,0.08541130645097442,0.23308261553086188,0.0,1.0,0.0006677613078536395,0.3360408192477954,139,0.10886741260889582,2.749159348489334
1,0.06254880107462168,0.2330287831190213,0.0,1.0,0.0005803170902550833,0.33597987914473254,139,0.09822581774770389,2.7491937739275887
1,0.033600247772599415,0.23296062040378562,0.0,1.0,0.00046959503453831487,0.3359027166556393,139,0.08711396806745825,2.7492395988172653
1,0.0,0.23421864432749653,0.0,1.0,0.0,0.4469618724023606,139,0.07732750842298458,2.749315408662192
2,0.6747320143861683,0.3607211610325829,0.003542186728800474,0.9999999999839966,0.0030629148721637396,0.3200265959879153,0,0.6710750040751043,2.206739242077269
2,0.6739103398048972,0.352841861395683,0.004009629610317493,0.9999999999839966,0.003990458884105744,0.32517775641515867,0,0.6702163436312043,2.2344348358137003
2,0.6764795933856789,0.37747925345768607,0.002548005599397351,0.9999999999839966,0.0010901674203875821,0.30907084782319094,0,0.6728999297134562,2.367268363529967
2,0.676750621813008,0.38007823149317677,0.002393820095876229,0.9999999999839966,0.0007842180816038821,0.30737174340723533,0,0.6731827924078364,2.4085895453714254
2,0.6041531007677968,0.21274361999096159,5.0049181454624467e-05,1.0,0.0,0.3212748311493429,3,0.602231017122675,2.255043720573285
2,0.5950031320340992,0.22060127988204178,5.2064152164863366e-05,1.0,0.0,0.32302910791823425,3,0.5934254469474065,2.2735445422357494
2,0.5869572028197895,0.2275108308448682,5.383599556404162e-05,1.0,0.0,0.32457171282931174,3,0.5856605756843661,2.2989546664250007
2,0.5720440879818351,0.24031767070670362,5.71201040098159e-05,1.0,0.0,0.3274309281636421,3,0.5712174750882602,2.369205920884287
2,0.5399135316565894,0.203621942482589,7.472310349154848e-05,1.0,0.0,0.31956392031909703,28,0.5393393301445025,2.3146154413452624
2,0.5259731243046821,0.2068182997777627,9.706259957314263e-05,1.0,0.0,0.3203793716753134,28,0.5256018906244653,2.330627504458863
2,0.5130713642514482,0.20805682265438927,8.51623225289412e-05,1.0,0.0,0.32076417235291377,28,0.5128386866109769,2.3465714429310194
2,0.5036073303338509,0.21594957678532514,8.824322402209658e-05,1.0,0.0,0.32271273200473677,28,0.5035168998621463,2.3724371041735886
2,0.4857090397964379,0.1995484320339374,9.89231181729776e-05,1.0,0.0,0.31882288266674325,36,0.48558219906778466,2.37412698821388
2,0.4770310600800076,0.20644850929753186,0.00010301359772566348,1.0,0.0,0.32079124045318475,36,0.47699589153729494,2.390152208472362
2,0.46003881858546025,0.19862403881782695,0.0001124081069672782,1.0,0.0,0.3187676954326652,53,0.4599790503483089,2.40452510618267
2,0.4481561329284917,0.13572890801360507,1.0076896077079511e-05,1.0,0.0,0.3168798815587013,53,0.4475468796934645,2.422452680972544
2,0.4341060717432221,0.14894099957330853,4.406073749867889e-05,1.0,0.0,0.31696225207284273,53,0.4336168022173582,2.438335800441874
2,0.421537898264865,0.16075958573778612,7.446023603576963e-05,1.0,0.0,0.31703593480614756,53,0.4211443902233558,2.45303824289169
2,0.409123496940151,0.17243357098227657,0.00010448779537519025,1.0,0.0,0.31710871602797935,53,0.4088164139952687,2.468001777624361
2,0.39705341878730765,0.166947764121406,6.773336541654586e-05,1.0,0.0,0.3180337297350895,66,0.39667362678210827,2.4837250558173976
2,0.3855968478475305,0.17849524370991043,0.00011022707465424097,1.0,0.0,0.31751079634897605,66,0.3852973338931967,2.4978375400426005
2,0.37351982169237014,0.19066810186700056,0.00015502212201973177,1.0,0.0,0.3169595423817379,66,0.37330328107217436,2.513163113173925
2,0.36300086861653025,0.18976107927096547,0.00016979403814281404,1.0,0.0,0.31676539451821595,126,0.3627552312435372,2.5268641840708153
2,0.3525311907810871,0.18706801855891866,0.00017895413186504573,1.0,0.0,0.31682659583509476,126,0.35224202860942044,2.540659043880284
2,0.3382346440302745,0.18741193568790354,0.00018749796823258242,1.0,8.558179002284981e-06,0.31639690504159373,126,0.33792681451491274,2.559352228168885
2,0.32945875194853874,0.18703524921648762,0.00019579102691000052,1.0,1.2469529455742278e-05,0.31613091532761195,126,0.3291373688832795,2.5708951590814975
2,0.3193541931409875,0.18569323883579258,0.0002019214155632328,1.0,2.120634370398735e-05,0.31625605535715745,126,0.31901130287831375,2.5843454089381934
2,0.3088235861789074,0.18524769315446346,0.000210472849394113,1.0,2.5158800893609084e-05,0.31580256816157215,126,0.3084720022546127,2.5981329916163594
2,0.2950792411391391,0.18424932052635473,0.00022200510479345088,1.0,6.001950940911193e-06,0.3154560826788625,126,0.29471758904213646,2.6162735111161846
2,0.28171599686433335,0.1831256998791616,0.00023299940836020468,1.0,4.518559119412078e-05,0.3151880433290723,126,0.28134841560982427,2.633902800571413
2,0.2707457141977333,0.1823052284354198,0.0002478544339341327,1.0,4.2490374420967864e-05,0.3149656364754758,126,0.2703773132019285,2.648348562687014
2,0.2603056332648212,0.18146362868367225,0.00024885178938077496,1.0,4.9412074118133106e-05,0.31475223028433047,126,0.25993788355938224,2.6620655039019123
2,0.24912851283251256,0.18039305583541337,0.00026096449758415566,1.0,6.006130676334774e-05,0.31462802973665743,126,0.24876088594023943,2.6767211356767335
2,0.23966187583127893,0.17986827143787087,0.00026249350432087476,1.0,6.021009690820563e-05,0.31432603285681393,126,0.2392984831966202,2.689065858296412
2,0.23586836886938148,0.17531770282406403,0.0002908602398810713,1.0,0.0001094773842157789,0.3162991852291869,126,0.23546362827909123,2.69839730961665
2,0.21572757391819422,0.17804215670234066,0.0002852223946712773,1.0,7.742540534174018e-05,0.31382460358940717,149,0.21536696755103435,2.720101293405704
2,0.20393572051195782,0.1771879421819134,0.0002913773606423751,1.0,8.585375436237142e-05,0.3135748356691279,149,0.20357346677401855,2.7352608973299795
2,0.19266206041086706,0.1763348005285908,0.00030414165210740086,1.0,9.308980077897406e-05,0.31333505236082065,149,0.19229483788729432,2.749662836452002
2,0.1918216240320051,0.17428597043462457,0.000310930010347205,1.0,0.00010361649843696493,0.3138350176065527,149,0.19143594687538415,2.751007765182834
2,0.17053825751139767,0.17472430161727523,0.00032658019871127967,1.0,0.00010220088673375818,0.312860324174877,160,0.17015172842274082,2.7776354855417975
2,0.16947482692795887,0.16725128802589875,0.0003433814343806895,1.0,0.0001184105126646973,0.31419016155175544,160,0.16902267145702457,2.7807406825385628
2,0.15621944448843753,0.1737194800474089,0.00033586804546617154,1.0,0.00011701353585067179,0.3125504453178698,180,0.15581375226016314,2.7955154577826455
2,0.14378952434585762,0.17084743685938253,0.00034463702420742823,1.0,0.00014672132576265252,0.31249390018628453,180,0.14334707958858675,2.8109430329960285
2,0.1357118882201822,0.17228531190686272,0.000351220689193482,1.0,0.00013101019718584584,0.31210361144893495,180,0.13527216084057886,2.820788248529856
2,0.12336950215178917,0.15486311171425682,0.0003716761323800605,1.0,0.00014155006183456798,0.31282402242678,180,0.12277417128662776,2.8368178207301553
2,0.11315873085815231,0.13621119583712654,0.0004304900859473495,1.0,0.0002235179262016258,0.31261314996077866,180,0.11240686526890853,2.849371869908643
2,0.10175066349110327,0.15148013614938616,0.00041118002594577133,1.0,0.00019796833195774582,0.3118927410224697,180,0.1011126786031473,2.862132471442444
2,0.09021947122749,0.13317226807782845,0.0004930322220880542,1.0,0.00028690783269172534,0.3118462981581631,183,0.08943721464486379,2.876185193113425
2,0.07914623100024895,0.14694806732731786,0.0004612623425444424,1.0,0.00023905244921268773,0.311297579159507,183,0.07847929005474363,2.8886047549208116
2,0.06725874073123717,0.16173684424947873,0.0004271563242361536,1.0,0.00018767810947539954,0.3107085111339711,183,0.06672675531690803,2.901995505326291
2,0.05601736696256348,0.13724674363183947,0.0005076104043772362,1.0,0.0003077811028497906,0.311363899988571,191,0.055328701082949294,2.9158663107647738
2,0.03838292214503261,0.1637509426125053,0.0004497603459448875,1.0,0.0002140468486617809,0.310001146201921,191,0.037989173237343854,2.934544178816569
2,0.026971547538894112,0.1646046780777595,0.00045155427326920637,1.0,0.00021240691061790774,0.3096853716588262,196,0.02667119184876987,2.9471246768264066
2,0.020273507940723915,0.17620126718394247,0.0004325726750770847,1.0,0.000176767971741899,0.3089952217696837,196,0.020125272013205908,2.954552230097428
2,0.007747993432034014,0.19788720125045517,0.0003970765750512663,1.0,0.0001101221958513371,0.3077046228828113,196,0.00791006779088882,2.969355616293816
2,0.0,0.0,0.1511202348323013,1.0,0.07508226004011184,0.28440840312025406,196,-0.001625417196781831,3.243175832999238
3,0.7045036800259575,0.0,0.0,1.0,0.0,0.0,6,0.7046492011382149,1.3499925672369701
3,0.6438219088896281,0.0,0.0,1.0,0.0,0.0,6,0.6442556122817673,1.281597637352748
3,0.5988325342653876,0.0,0.0,1.0,0.0,0.0,6,0.5993322300171438,1.243327847088635
3,0.5706345255751659,0.0,0.0,1.0,0.0,0.0,6,0.5711334378214504,1.224988055256243
3,0.5387627973331756,0.0,0.0,1.0,0.0,0.0,8,0.5392371404674801,1.2094134763010271
3,0.516660285994084,0.0,0.0,1.0,0.0,0.0,8,0.5171093935260824,1.2016807243751306
3,0.4937031377707146,0.0,0.0,1.0,0.0,0.0,8,0.4941230948628629,1.1961342332365104
3,0.47775772992173393,0.0,0.0,1.0,0.0,0.0,8,0.47815705300920947,1.19367281785305
3,0.4591869201384574,0.0,0.0,1.0,0.0,0.0,21,0.4595626438776945,1.192142978258452
3,0.4444344425133453,0.0,0.0,1.0,0.0,0.0,21,0.4447920419023722,1.1918906070023731
3,0.43107707246743354,0.0,0.0,1.0,0.0,0.0,21,0.4314188286918887,1.192358686845152
3,0.41084702361500697,0.0,0.0,1.0,0.0,0.0,21,0.4111658251263016,1.1942758542512695
3,0.3974167523375882,0.0,0.0,1.0,0.0,0.0,21,0.3977209587718672,1.1963354893679328
3,0.385887812985664,0.0,0.0,1.0,0.0,0.0,21,0.3861798515638892,1.1986060683863822
3,0.37292360608453257,0.0,0.0,1.0,0.0,0.0,21,0.37320230440920465,1.201728300838937
3,0.3615025180860052,0.0,0.0,1.0,0.0,0.0,21,0.3617697136337267,1.2050000571261887
3,0.3501418138337036,0.0,0.0,1.0,0.0,0.0,21,0.3503977502654058,1.2087688082155317
3,0.3402873224474898,0.0,0.7218332508795146,1.0,0.0,0.0,40,0.33963085739176224,1.2138948072824323
3,0.32982519090772966,0.0,0.5386429262761415,1.0,0.0,0.0,40,0.32938054550328133,1.2177779059109743
3,0.32956514690278427,0.0,0.5340895954853686,1.0,0.0,0.0,40,0.3291258134504039,1.2178827493644906
3,0.3109749721098499,0.0,0.20857847551820785,1.0,0.0,0.0,40,0.31092319422466186,1.2264990604461072
3,0.30249587430500036,0.0,0.060110768597200534,1.0,0.0,0.0,40,0.30262689326089326,1.2312143697217772
3,0.2922347343536611,0.0,0.05365354447707306,1.0,0.0,0.0,40,0.2923631642494418,1.2377130658911073
3,0.28412162196067203,0.0,0.18140720812239136,1.0,0.0,0.0,58,0.2840701621153147,1.2434913686659539
3,0.27670665852652276,0.0,0.4221079808847097,1.0,0.0,0.0,58,0.27632131489093625,1.2495065029098942
3,0.268816001502354,0.0,0.6782504770934908,1.0,0.0,0.0,58,0.2680726463395888,1.2566489030331478
3,0.26104481743003893,0.0,0.4654282276583468,1.0,0.0,0.0,74,0.26057378524955843,1.2628282310203771
3,0.25368204562728475,0.0,0.45603792266641463,1.0,0.0,0.0,74,0.25321075064322446,1.2697418333524946
3,0.24670695771466777,0.0,0.0,1.0,0.0,0.0,74,0.24685986360466192,1.2760722078664084
3,0.23978904749137245,0.0,0.3765568896491121,1.0,0.0,0.0,74,0.2394034567653521,1.2840228912721077
3,0.23226199212876342,0.0,0.0,1.0,0.0,0.0,74,0.2323987858283455,1.2921454802490773
3,0.22680849411255433,0.0,0.8023679000803823,1.0,0.0,0.0,74,0.22581021112366087,1.3006372781311877
3,0.21901228415407953,0.0,0.3053245645937832,1.0,0.0,0.0,74,0.2186920402116822,1.3092054053762274
3,0.21288139393034014,0.0,0.21794714325742137,1.0,0.0,0.0,74,0.21267695219607896,1.3174478268237666
3,0.20901815885966274,0.0,0.7515384528139417,1.0,0.0,0.0,74,0.20805078267121369,1.3244116242717539
3,0.20084302950808833,0.0,0.42133582373299977,1.0,0.0,0.0,74,0.2003233379015643,1.335637823097874
3,0.19434028627856137,0.0,0.46936539976629493,1.0,0.0,0.0,74,0.1937388540167901,1.3461189575171324
3,0.18866399643848605,0.0,0.7686691819617878,1.0,0.0,0.0,74,0.1876292311589834,1.35660775029742
3,0.183446151727619,0.0,0.6784756932010227,1.0,0.0,0.0,74,0.18252522578913555,1.3653616293608528
3,0.17711305484677412,0.0,0.30731401963696514,1.0,0.0,0.0,74,0.1767152913674715,1.3758619499922096
3,0.1716237282014276,0.0,0.4590322584557919,1.0,0.0,0.0,74,0.1709918632130639,1.3866537886289256
3,0.16638815858856076,0.0,0.629738648597429,1.0,0.0,0.0,74,0.16549976400951358,1.3975252629942956
3,0.15974677038103105,0.0,0.6032468351621705,1.0,0.0,0.0,94,0.15888217159355744,1.411133104864998
3,0.15891251608391915,0.0,0.6182109367697077,1.0,0.0,0.0,94,0.1580248568459139,1.4129483841710677
3,0.1537298219367794,0.0,0.7111734328420349,1.0,0.0,0.0,94,0.15270047007319953,1.424475157497616
3,0.14847390768927632,0.0,0.805449285076079,1.0,0.0,0.0,94,0.14730414634449973,1.4366068901702327
3,0.142543451012409,0.0,0.9118244713939218,1.0,0.0,0.0,94,0.14122017328687542,1.4508347584859638
3,0.138012009512751,0.0,0.9931053844970847,1.0,0.0,0.0,94,0.1365755938967128,1.4620940623682182
3,0.1307187114773749,0.0,0.0,1.0,0.0,0.0,21,0.1307162438947821,1.477438925327412
3,0.12524137623730636,0.0,0.0,1.0,0.0,0.0,21,0.12523091208796383,1.4915906588840282
3,0.12021228808752549,0.0,0.0,1.0,0.0,0.0,21,0.12019461533848091,1.5049868672159135
3,0.11405821605669852,0.0,0.0,1.0,0.0,0.0,21,0.11403195224404838,1.5219053921198904
3,0.10694758280774685,0.0,0.0,1.0,0.0,0.0,21,0.10691179838940176,1.542174526632938
3,0.1026079177515562,0.0,0.0,1.0,0.0,0.0,21,0.10256658531606683,1.554924239672849
3,0.09931086470339737,0.0,0.7502887611989989,1.0,0.0,0.0,21,0.09812868923429754,1.5664721113510214
3,0.09129519471915137,0.0,0.0,1.0,0.0,0.0,21,0.09124057457529569,1.5895061005323632
3,0.08755116534123748,0.0,0.48389176906270204,1.0,0.0,0.0,21,0.08672810322567309,1.6021611061245555
3,0.07957185209430795,0.0,0.0,1.0,0.0,0.0,21,0.07950572425601568,1.6273755647386845
3,0.07148092601423306,0.0,0.0,1.0,0.0,0.0,21,0.07140853561995392,1.6546983356994127
3,0.07004840204059415,0.0,0.0,1.0,0.0,0.0,21,0.06997506623144534,1.6596354747809985
3,0.06542230488209268,0.0,0.9519150214079185,1.0,0.00019412405226586216,0.0,21,0.06395356640023186,1.6782418555564893
3,0.05506679614906007,0.0,0.0,1.0,0.0,0.0,21,0.054986961572819126,1.7130261944226457
3,0.04929438310067018,0.0,0.9691170503092756,1.0,0.07001263589546558,0.0,21,0.04773811642635922,1.7371415642286019
3,0.04332132704637137,0.0,0.0,1.0,0.0,0.0,21,0.04324139550575529,1.757062451663765
3,0.03799359342898756,0.0,0.0,1.0,0.0,0.0,21,0.0379152932769109,1.7776441092789799
3,0.03187959906194793,0.0,0.0,1.0,0.0,0.0,21,0.03180458859671065,1.801714575420656
3,0.026739322482389485,0.029079062368660563,0.8593957126764528,0.9999935867095291,0.14407348038386134,0.08064015886748763,21,0.02521852376085204,1.9609977604151485
3,0.020024280708474784,0.0,0.9838818005396861,1.0,0.19733068513128096,0.0,21,0.018357315540558305,1.8527887199895539
3,0.013371106028501556,0.0,0.0,1.0,0.0,0.0,21,0.013316391005122774,1.8773782713010319
3,0.003596564999087337,0.0,0.0,1.0,0.0,0.0,21,0.0035596122700634614,1.9189243873250408
3,6.284295835395914e-05,0.0,0.3306764524227044,1.0,0.0,0.0,135,-0.0005237184144443741,1.9345765351734932
3,0.0,0.1219043576878851,1.0,1.0,1.0,1.0,135,-0.002525656671883314,2.7964802240777886
3,0.0,0.3774752500373687,1.0,1.0,1.0,1.0,135,-0.002156112287929668,5.484526587779456
4,0.8599376683424256,0.15127704398647226,0.23864631930159286,0.7350106767425773,0.0069320890935823205,0.3341639334118951,6,0.853844209325015,2.1582618222293677
4,0.7015436318974391,0.1163366439576492,0.05623680294460955,1.0,0.6377022039041674,0.0,6,0.702571344570034,1.8447912894726308
4,0.6636913332707304,0.1114020726580631,0.06139198159561732,1.0,0.49118251803737056,0.0,6,0.6648174600929386,1.807571316827772
4,0.634787988705572,0.10251410956734794,0.06696588143110108,1.0,0.5508129239658619,0.0,6,0.636251215811572,1.7901461932789065
4,0.6102941235282808,0.09498208955651688,0.07168942997318369,1.0,0.6013461458214486,0.0,6,0.6119573288041151,1.7829254111071795
4,0.5887535718209306,0.10719743357769514,0.07061776477598175,1.0,0.0,0.0,6,0.588902548483138,1.767810511914933
4,0.5713220277624472,0.08299792115158794,0.07920505010108729,1.0,0.6817493630049047,0.0,6,0.5731887722359158,1.7854340288127286
4,0.5466586173733196,0.1002481565142422,0.08395273441597483,1.0,0.0,0.0,23,0.5468149915921627,1.7667260602711565
4,0.5306255880626608,0.09951999052570092,0.08373349982802267,1.0,0.0,0.0,23,0.5307672313915069,1.769613121007141
4,0.5155279790077398,0.0934409634830167,0.10723386259274911,1.0,0.0,0.0,23,0.5156721476787904,1.7755194602598847
4,0.5011355194777839,0.09620657753134157,0.08708718145746089,1.0,0.0,0.0,39,0.5012512210408598,1.7796398574187202
4,0.4855188257745492,0.09693017147339969,0.09726285500705797,1.0,0.0,0.0,39,0.4856279672724565,1.7875340286791535
4,0.4725478314963179,0.09753117787466213,0.10571461860677782,1.0,0.0,0.0,39,0.4726527995635067,1.7958221073280787
4,0.457830356404358,0.09054903081133175,0.09568948977121092,1.0,0.0,0.0,117,0.4579211980308521,1.8031951642914192
4,0.4446559362232129,0.08526370579924458,0.10520967104681882,1.0,0.0,0.0,117,0.44474546494505984,1.8126140654233218
4,0.4324115771822769,0.08692911568927386,0.10104829864718173,1.0,0.0,0.0,117,0.4324929848405737,1.8208759807735402
4,0.42050849146957986,0.0856209626400848,0.10265767750411572,1.0,0.0,0.0,117,0.420585218346859,1.829948302414869
4,0.4100259059003065,0.08469608128474267,0.10280267001373158,1.0,0.0,0.0,117,0.4100978333312856,1.8383236539328782
4,0.39818989857693476,0.08202231483263182,0.11231236497653287,1.0,0.0,0.0,117,0.39826012968531743,1.848373118596614
4,0.3878691932059961,0.08114548134485348,0.1133872329008386,1.0,0.0,0.0,117,0.3879345848945953,1.8573576238394802
4,0.37630435229214115,0.08114194491367424,0.10478776479249867,1.0,0.0,0.0,117,0.3763606852029941,1.8676702937517684
4,0.36539037122246804,0.08183321123517477,0.08446901720264222,1.0,0.0,0.0,117,0.3654345954755012,1.8786476677079917
4,0.35597041925678774,0.0809576626036056,0.08418477070488103,1.0,0.0,0.0,117,0.35601053168953994,1.887874688571217
4,0.3452428342301373,0.07996572625632671,0.08578438834975526,1.0,0.0,0.0,117,0.34527910450575344,1.8986932339578966
4,0.33807835181379364,0.07919079789959522,0.08914526686567725,1.0,0.0,0.0,117,0.33811284326449575,1.9061144108987975
4,0.33420176268497315,0.07806513571763557,0.09926156762054979,1.0,0.0,0.0,117,0.3342374411510485,1.9101357410473936
4,0.3165630362927491,0.07631590621891647,0.10437387402334974,1.0,0.0,0.0,124,0.3165939744594576,1.9306228843415327
4,0.3086649253926322,0.07384989177224222,0.12434462993065024,1.0,0.0,0.0,124,0.3086975791851223,1.94212305400325
4,0.29899666116837104,0.08307176741434996,0.042268529919634056,1.0,0.0,0.0,137,0.29901386520822026,1.9569749077355882
4,0.2901377131070597,0.07872716754000854,0.06981781212961734,1.0,0.0,0.0,137,0.2901582653595678,1.9650473477887531
4,0.28283874505307194,0.07778180602718443,0.07370102128611546,1.0,0.0,0.0,147,0.28285949409701583,1.975066241913401
4,0.2729320446093712,0.0715875455630223,0.09268500497443279,1.0,0.0,0.0,147,0.2729534163024415,1.9910291038453396
4,0.2648416259573248,0.07579170921453281,0.07518089634489215,1.0,0.0,0.0,147,0.26486249324668676,2.0025136339529404
4,0.2548201707425736,0.07754250664154734,0.06604258293187545,1.0,0.0,0.0,154,0.2548416073934795,2.0190866855190905
4,0.2469445067912874,0.0779809872995714,0.06567751202881063,1.0,0.0,0.0,154,0.2469669241196337,2.0329436901650118
4,0.23876808911340827,0.08009098839849377,0.061400456625513584,1.0,0.0,0.0,154,0.23879196210559947,2.048218763468328
4,0.23300016114509467,0.07830378651859632,0.050510717426205005,0.976645353441907,0.0,0.0,154,0.2329999628629987,2.058985878030849
4,0.2263662534922991,0.07869753117501485,0.04562923812079293,0.9466928334569878,0.0,0.0,154,0.226335733561506,2.0722253477200603
4,0.21995367406200195,0.08307802737785014,0.05595948684560316,1.0,0.0,0.0,154,0.21997992267455557,2.0866593926462373
4,0.21317305707981596,0.07966147016094047,0.03337021622949775,0.8865932482211265,0.0,0.0,154,0.21307815190074103,2.1001494518791204
4,0.2054699912665281,0.0853775049303813,0.05177092822304363,1.0,0.0,0.0,154,0.20549664559837844,2.1196248911565223
4,0.1926258166060064,0.0874166887298145,0.04805650149306851,1.0,0.0,0.0,154,0.192651105134713,2.151472139201805
4,0.18916918438123403,0.08796547513451979,0.04705687267527833,1.0,0.0,0.0,154,0.1891937666940544,2.160480117710284
4,0.18007655530664662,0.08300051315870467,0.0008982407427609159,0.7163350797818281,0.0,0.0,154,0.17977635934596936,2.1803586690036614
4,0.17370245155757447,0.09042102497230804,0.04258402429505776,1.0,0.0,0.0,154,0.17372189610565825,2.203154423463777
4,0.16664069477948745,0.09154217291664997,0.0405418239333847,1.0,0.0,0.0,154,0.16665667847099658,2.2239687842452383
4,0.15885139132152917,0.0830536959747342,0.0,0.5859579073561575,0.0,0.0,154,0.15837385973054138,2.240066597869536
4,0.15108361847416674,0.08328231673173954,0.0,0.5375496399483001,0.0,0.0,154,0.1505370894822426,2.2639280576374587
4,0.13925535871582354,0.09588995976314156,0.032622216253423965,1.0,0.0,0.0,154,0.13925200616237987,2.313047963200554
4,0.13497200947863747,0.09656999850464443,0.03138350786452884,1.0,0.0,0.0,154,0.13496500718177584,2.328232243552662
4,0.12542358470143436,0.09808593811387645,0.028622184139259647,1.0,0.0,0.0,154,0.12540821305289324,2.3633445654264196
4,0.11827200296607104,0.08159044862686117,0.0,0.48769674952041026,0.0,0.0,201,0.11760363464067297,2.3765741365133777
4,0.1096460907006554,0.08073355391047451,0.0,0.49992831820488404,0.0,0.0,201,0.10897585203421262,2.4095045273026754
4,0.1021054871389903,0.07998447333191777,0.0,0.5106209159903601,0.0,0.0,201,0.10143471413904423,2.439423132803686
4,0.094359452881244,0.07921498534917708,0.0,0.5216048151004613,0.0,0.0,201,0.09368955794104644,2.471225951645904
4,0.07966013880727718,0.0777547612967031,0.0,0.5424484852165188,0.0,0.0,201,0.07899729267472261,2.5344278200866297
4,0.07827476197252194,0.07761713850929478,0.0,0.5444129535981562,0.0,0.0,201,0.077613025515228,2.540569187403511
4,0.06517238861255098,0.07631555391640493,0.0,0.5629921571363898,0.0,0.0,201,0.06452586417042194,2.600133211005295
4,0.05283731572760407,0.07509019264954697,0.0,0.5804833263690216,0.0,0.0,201,0.05221441684011929,2.6585006499229613
4,0.05056210415439691,0.0748641740307906,0.0,0.5837095829982445,0.0,0.0,201,0.049944720653327584,2.669491031751859
4,0.03803555540536567,0.07361979162724576,0.0,0.6014722655631363,0.0,0.0,201,0.037455978770799564,2.7311450050577624
4,0.031502469683102094,0.07297079747278933,0.0,0.6107362001215492,0.0,0.0,201,0.03094814343206459,2.7640091696765268
4,0.014974243834264161,0.07646474750463056,0.0,0.0,0.0,0.0,201,0.01380507744835252,2.8496224356041653
4,0.012364908126297813,0.0710696796689022,0.0,0.6378733180787901,0.0,0.0,201,0.011910259435838899,2.8626386849813072
4,0.002301517672655512,0.0763561962618549,0.0,0.0,0.0,0.0,201,0.0012018905567626748,2.9163129154238554
4,0.0,0.3232713218032723,0.4166191991604963,0.0,0.0,1.0,201,-0.0014618600907975732,5.173416429332148
5,0.7129919371659877,0.07337737462092309,0.0,0.835287048967534,0.7506893553671621,0.3562337102712676,47,0.7133451061149481,1.6299469616377882
5,0.6196825380021083,0.09697610111065538,0.0,0.8373290555331612,0.9895482618893012,0.17125835683448823,47,0.6206596718877353,1.5218671234194239
5,0.6041458510872777,0.089671371021102,0.0,0.9615785425126884,0.0,0.6047947302370624,47,0.6041280913734755,1.5139803909257736
5,0.5869444953670507,0.08866528582563686,0.0,0.9981189213201489,0.0,0.6524102408138353,47,0.5869319378340851,1.5200765112170858
5,0.570133821927373,0.08039457826230971,0.0,0.7941563504411119,0.0,0.9931525644191517,47,0.5699950234850955,1.5423646071215966
5,0.54894554507527,0.09628679785975301,0.0,0.9167219151878003,0.0,0.8042535340476645,47,0.548903711581369,1.5622320993987144
5,0.5377583219333828,0.10011556751433351,0.0,0.8969196731003736,0.0,0.931071085283941,47,0.5376669557128426,1.5830551112972995
5,0.5314474835044194,0.10109413880295194,0.0,0.7983979676668992,0.0,0.9971210618823639,47,0.5313190315318422,1.5966704468845134
5,0.5166206218947427,0.10460037029144856,0.0,0.831049662694315,0.0,1.0,47,0.5164931821347034,1.6332868487574705
5,0.5112985541637002,0.10981791482133788,0.0,0.8094004283111529,0.0,1.0,47,0.5111680719789607,1.649535484191338
5,0.49815015148150016,0.10623299486426291,0.0,0.8092206562191313,0.0,1.0,47,0.4980182601699025,1.6877258740271384
5,0.48942001305458144,0.10750013534038638,0.0,0.8034190799974591,0.0,1.0,47,0.4892860146163098,1.7166369504549124
5,0.48174583767197865,0.10856293933048355,0.0,0.7566188837774535,0.0,1.0,47,0.48160471861855547,1.743529241820308
5,0.47349902799842014,0.10962574772234533,0.0,0.6592314893039966,0.0,1.0,47,0.4733429042882794,1.773792582136153
5,0.4653401143388238,0.11059451759761862,0.0,0.6206525591610651,0.0,1.0,47,0.46517642251308544,1.804847975588566
5,0.4592406343426583,0.11124772828689737,0.0,0.6151994719380671,0.0,1.0,47,0.4590747496534322,1.8286330484249984
5,0.4521084410602005,0.1119004726270298,0.0,0.5307835257378987,0.0,1.0,47,0.4519276090889962,1.8569356437293916
5,0.450803083156292,0.13256824035424805,0.0,0.5237699983836581,0.0,1.0,47,0.45061931614585826,1.8849673376298455
5,0.43541491912667646,0.11294639582922827,0.0,0.5598892398594125,0.0,1.0,55,0.43523555913574774,1.923672194243295
5,0.43469270578619124,0.12064867101529386,0.0,0.557931113014824,0.0,1.0,55,0.43451231650485456,1.9294328147981847
5,0.42045630418541413,0.11288279630469952,0.0,0.14520998754136488,0.0,1.0,61,0.42020193332543254,1.9820509338584391
5,0.4136595371764356,0.11249937660000897,0.0,0.0,0.0,1.0,61,0.41337808469423026,2.0071888841519634
5,0.4072950887829459,0.11203421852933369,0.0,0.10891476615072794,0.0,1.0,61,0.4070331928881699,2.0294465716624592
5,0.39749454303901954,0.11670507889300771,0.0,0.0,0.0,1.0,61,0.3972133382243942,2.062444590276013
5,0.38947534763933084,0.12297810589457676,0.0,0.0,0.0,1.0,61,0.3891944382154178,2.091197634183227
5,0.38590582743519547,0.1257703681487247,0.0,0.0,0.0,1.0,61,0.38562510452487786,2.1046284966579227
5,0.37976927759119544,0.13057069298796986,0.0,0.0,0.0,1.0,61,0.3794889571830789,2.128675304809105
5,0.3730418251197577,0.13583325224756085,0.0,0.0,0.0,1.0,61,0.37276206768495085,2.1564914528865393
5,0.36574385753304833,0.14154209776712268,0.0,0.0,0.0,1.0,61,0.3654648579422923,2.1884754919708422
5,0.35474118316084885,0.15014895543627965,0.0,0.0,0.0,1.0,61,0.35446362120877656,2.24046153567297
5,0.27145629183895365,0.00313587028122537,0.0,0.0,1.0,0.12254403324484142,74,0.2718263360655003,1.8016275409507958
5,0.23297550881377876,0.024183326058879708,0.0,0.0,0.3461441954048562,0.0,74,0.23308709469175015,1.5821626855014141
5,0.22770010916070613,0.061252536020613625,5.109969271285005e-07,0.3792939650668012,0.43233109674108394,0.16500721932996368,74,0.22777364732120534,1.6070865254393618
5,0.18889207372933675,0.01307177146224861,0.0005188771335811193,0.5900339373567354,0.4810374483495702,0.2973895365983348,74,0.18890691952262734,1.3964596201488149
5,0.23162956471975182,0.09087904377917858,0.0,0.0,0.3917261167611504,0.0,74,0.23175970681546076,1.7357038262338982
5,0.1745787690781974,0.006499495646711713,8.353886859470416e-06,0.07306066048520041,0.3201209681310606,0.19980642773854634,88,0.17460581040355455,1.3616363252827361
5,0.17205268955424424,0.014054821065518724,0.016560141665770384,0.07819449944291072,0.3413047269308519,0.15158175416308373,88,0.17209264430306054,1.3909488286759941
5,0.15052399929523574,0.022204191829664058,0.0,0.0032502211767628086,0.0,0.0,90,0.15059087128141319,1.3163500021989483
5,0.14409716434004435,0.021475964902658552,0.0,0.012722448379929481,0.0,0.0,90,0.14416576083941618,1.3140453197208821
5,0.1411160839819217,0.021138177639800877,0.0,0.017116130598301346,0.0,0.0,90,0.1411854830019655,1.3140130945227464
5,0.13194911046438465,0.025223719188993115,0.0,0.06523717107319073,0.0,0.0,99,0.13201240594309407,1.3184569714237977
5,0.12632114744091819,0.02212745273118229,0.0,0.08398284853141672,0.0,0.0,99,0.12638280580050465,1.323437918535537
5,0.12494349993586487,0.024283293977521055,0.0,0.08396506900017002,0.0,0.0,99,0.12500624295862922,1.3254788062902418
5,0.11645740129587961,0.021705250869569048,0.0,0.10998647205968508,0.0,0.00701518353981443,105,0.11651647674403709,1.3387336038322493
5,0.11592834234410623,0.02330991321132189,0.0,0.11151306715185529,0.0,0.004899462372795123,105,0.11598810921626651,1.3399657864560264
5,0.1109990377201718,0.020023173212652796,0.0,0.12614532080668758,0.06720498417148282,0.010200077776111306,126,0.11105223282948393,1.350318758621659
5,0.10633988535282983,0.01967134870755017,0.0,0.13041307879700187,0.0,0.040312395201325096,126,0.10639027452038927,1.3618431512744906
5,0.1010456293947872,0.020191466571230214,0.0,0.1449320660927675,0.0,0.0484619949930951,126,0.10109323358609121,1.376812806593801
5,0.09715064614959719,0.02053045684817463,0.0,0.1574258232238898,0.0,0.05464333111313642,126,0.09719566942477809,1.3891339633747029
5,0.09164109126417302,0.01597206616382576,0.0,0.17083950005088383,0.012468709996270148,0.07072152355812389,126,0.09167944509754405,1.4088771270236622
5,0.08668905122529148,0.014686355297117143,0.0,0.1796197598940065,0.02569774525403159,0.09437119500747161,126,0.08671933012282321,1.4281936125666528
5,0.08275681236047683,0.014384998243604875,0.0,0.1783790519398936,0.020013642001276442,0.0838137300832723,126,0.08279466360527554,1.4443617438681846
5,0.07709715691363588,0.01800576168788157,0.0,0.17344347283754888,0.04829257360418456,0.08846085355235878,126,0.07713668339052329,1.4686421363608526
5,0.07481866928095214,0.02186602275582534,0.0,0.20467487282525315,0.06485370427665371,0.040707642052899874,126,0.07486469667435908,1.4800907193925854
5,0.0691669049004261,0.023745045839034442,0.0,0.18519933657461757,0.01257989087925064,0.25332024083287746,126,0.0691619257860093,1.509464370934919
5,0.06578474946447116,0.021145051630275278,0.0,0.20716041343470476,0.04937293369973485,0.22060461519192315,126,0.06578031467306686,1.525842379100816
5,0.0602081396192208,0.01925161375845619,0.0,0.2158714607945663,0.09042096179319836,0.24868393009862313,126,0.06019010454810039,1.5558378210493649
5,0.055941539225159743,0.01795718482466882,0.0,0.22863582870283142,0.1029632739065232,0.2486210131439022,126,0.05592178613104648,1.579999986003293
5,0.051344307894562395,0.017718226185101067,0.0,0.2150410869499105,0.12327961026652356,0.296784250025558,126,0.05131467544504062,1.6074625171085322
5,0.04510508255060292,0.013666864082677201,0.0,0.25213180782454647,0.1561571687781619,0.27461656639296284,126,0.045072926398403046,1.6456419442485641
5,0.04124399652252566,0.012690070048540275,0.0,0.25605640544499264,0.16588972585546594,0.2979049645122574,126,0.041206239665653205,1.6704619102518596
5,0.0363989011503091,0.011761301629379937,0.0,0.21731761736770153,0.12802351189378924,0.3019533354034443,126,0.03638829367655855,1.7022876166971388
5,0.02956353905352445,0.009790575435187653,0.0,0.281256089906668,0.18034194484854074,0.2827671537903053,126,0.029539647959857862,1.7490382480234548
5,0.02372240709590294,0.008722347328551113,0.0,0.26027835155900847,0.16710054001532085,0.3024285367531741,126,0.023714160143469276,1.790082818928335
5,0.020508838458497047,0.016335697372066613,0.0,0.3538975599031281,0.18538815086977783,0.28310960050499817,126,0.020478427600794658,1.8159073833919117
5,0.010961468664803992,0.006390312445066666,0.0,0.20894524966236466,0.0,0.0,90,0.011180508649990484,1.8824715310002278
5,0.0058248235941075754,0.005808277387214487,0.0,0.21651592317598278,0.0,0.0,90,0.006061436858673719,1.9210728206748666
5,0.0009396440017421515,0.0052547359710708175,0.0,0.22371597286603745,0.0,0.0,90,0.0011944502307451033,1.958269178972271
5,0.0,0.0,0.15865284283707326,0.6949148937021608,0.485342867556537,1.0,90,-0.0002874257013849024,2.6193417613531276
5,0.0,0.3195500748660116,0.43422744858903856,0.7063453740471036,0.49779824097077463,1.0,90,-0.0002250577355247807,5.321587991621287
