iterID,x1,x2,x3,x4,ParetoFamily,Pareto_f1,Pareto_f2,Pareto_f3
1,0.9980854514840821,0.8838505357388348,1.0,0.0,9,0.046464344656185985,0.2676376902185672,1.0281554721841475
1,0.9272033946753089,0.29012157871823774,1.0,0.0,9,0.049224517925407496,0.2677074253376537,0.7617883081142042
1,0.961508090211849,0.40411815863082334,1.0,0.0,9,0.045480271223101276,0.2676856346599361,0.5268458690723442
1,0.9681377956531417,0.36468223476247547,0.6001834560019274,0.12867006522539323,9,0.0465241982466541,0.2830605346302252,0.44595504580698814
1,0.9802701962946048,0.37729264365400417,0.6820116964786407,0.4901068991725363,9,0.04636823233746701,0.39773536180475644,0.45726873277014074
1,0.7605754489108545,0.9585907760664114,1.0,0.0,9,0.1442219776814891,0.26764810893612234,0.8328322379629793
1,0.7969448544894768,0.4195717872193392,1.0,0.0,9,0.11199431160529105,0.26769139643129813,0.5736318625329972
1,0.9640012914819207,0.3646787065017984,0.5080124425994724,0.0,9,0.04714470599335241,0.2677384365078895,0.445886441403506
1,0.8137845175080336,0.36297861629301376,0.627745423886684,0.2661587099502822,9,0.10091393437669749,0.31566900957818955,0.4453063355692677
1,0.7462372841519881,0.3699542570850649,0.6117270604249665,0.7682300533877477,9,0.1613875379801491,0.5056077902705868,0.44667945105691553
1,0.5984096329523099,0.7658772022886209,1.0,0.0,9,0.35822722713655303,0.2676724976959379,1.018512922680884
1,0.649640435990346,0.3098701684402479,0.5173306209768687,0.0,9,0.28305379330321184,0.2677692486003653,0.6802625587340074
1,0.6911327825843575,0.3632393805223157,0.29245455951638266,0.0,9,0.22821871890924406,0.2677979749613935,0.4444184520533329
1,0.6867602810083756,0.3575517255476131,0.8582876286417364,0.11150353296923594,9,0.2294734209745279,0.2801803177832086,0.44951640075646476
1,0.4948114780898302,0.35848440399163706,1.0,0.6840475690676219,9,0.539157368558147,0.4763548083755917,0.4477150634539088
1,0.44988712868746683,0.7673080965146932,1.0,0.0,9,0.6211302016125283,0.26769467939468355,1.0237443732897722
1,0.534353739811449,0.3343056002019874,1.0,0.0,9,0.4670973408891259,0.2677351111959867,0.5333188220266395
1,0.5571251905005477,0.3634069434871316,0.9100941358325617,0.0,9,0.4279472096198794,0.2677299290413997,0.44507447975389935
1,0.4934298726430164,0.36383977602843326,0.7544681482160653,0.4491297188412344,9,0.5436041330490706,0.3810809057676353,0.4440527305609648
1,0.37828326993783945,0.31393814686717053,0.28781765434999773,0.0,9,0.7596579996209272,0.26785403412172754,0.6568347994044932
1,0.456409133219316,0.3644563273431227,0.9382100375521173,0.0,9,0.6097716695152486,0.267744039981091,0.44474890934795097
1,0.3932847688612343,0.3598942007314996,0.964898871613652,0.2953318211430799,9,0.7260059309874269,0.3246822060778477,0.44628290827309297
1,0.23864418312745048,0.38576943724229823,0.3647230396539918,0.0,9,0.9673785635274894,0.26785400068682375,0.4728032915654746
1,0.27109446165565576,0.36249804467894853,0.36830997013979705,0.0,9,0.9278636514574419,0.26785000927316605,0.44355653577535115
1,0.5523305582501055,0.32407927815208826,0.5018549451519634,0.0,9,0.43966869361561733,0.26778155426394135,0.5955077637677939
1,0.49157355702553396,0.7259016334491871,1.0,0.0,9,0.5441752389995235,0.26769068020808673,0.8930431857879816
1,0.3300692022059114,0.8882675889865846,1.0,0.0,9,0.8335131100968308,0.2677115049908898,1.011227905526332
1,0.6837991499589722,0.36455075170598744,0.28546843095012175,0.0,9,0.23786865342519886,0.2678000722473815,0.44424031009144604
1,0.6934008938205354,0.35977979831006934,0.6272777736950481,0.348779808344291,9,0.22252983652011255,0.3427479904629715,0.44644769804675966
1,0.07275931792151086,0.7197182692025248,1.0,0.0,9,1.0657432417082353,0.2677823498483644,0.8785233559869603
2,1.0,0.0,0.5910142513354559,0.7457767756644067,9,-0.033608906034290675,-0.029175078777658014,1.2430238838251129
2,1.0,0.0,0.532767498374803,1.0,9,-0.02621542202431093,-0.020087125981891774,1.2202245819220416
2,1.0,0.4550886299382638,0.4964785430068949,1.0,9,-0.013517144024340177,0.05516502411974561,1.2212865240770778
2,1.0,0.9680127936375649,0.569248278996296,1.0,9,-0.03895446872230213,0.19400647311725447,1.103970985687155
2,1.0,1.0,0.5421590591036963,1.0,9,-0.030859373055018735,0.20147971844394277,1.0873695263960905
2,1.0,0.0,0.34257780235022833,0.7034715647747865,9,0.07967050720004054,-0.03134576710205106,1.150152481545867
2,1.0,0.0,0.2980996683990858,1.0,9,0.09447005158397676,-0.020850225984112625,1.135184555040521
2,1.0,0.47767592995190755,0.25625657024801024,1.0,9,0.1210793253974567,0.06020371637796523,1.1103134445933367
2,1.0,0.7933607850278015,0.22163955764982257,1.0,9,0.14392743323804014,0.14797885584973242,1.0589255951742589
2,0.9527144487274899,1.0,0.3838272836283232,1.0,9,0.07728721650604958,0.23111894291597207,1.0507165609168423
2,0.6650079851966293,1.0,0.8442469277784921,1.0,9,0.17810638578433308,0.3714494896824354,0.998817156749965
2,1.0,0.0,0.1502921409520772,0.7077944538657353,9,0.2074104932356382,-0.031844028974399086,1.0908958042867092
2,1.0,0.0,0.10524797948278919,1.0,9,0.22375053765564934,-0.021451099263466722,1.0790436072591405
2,1.0,0.4897390965688749,0.05490713250857623,1.0,9,0.25660389399349137,0.06268884002704406,1.046579535515048
2,1.0,0.752437128811661,0.10660286098975,1.0,9,0.22200541248856115,0.136338657781878,1.037053169275192
2,0.5051836164579246,0.128506177477149,0.9844080628032201,1.0,9,0.31836210479531385,0.2999795487689116,0.8612497756157906
2,0.5051685875514887,1.0,0.9313571509236998,1.0,9,0.3236737932615278,0.3582199039752638,0.8742777459763429
2,1.0,0.0,0.013872992293734732,1.0,9,0.2836150374191817,-0.0217274788996506,1.057469775399801
2,1.0,0.2919320957237579,0.018882900973576366,1.0,9,0.2801071713477561,0.015249448710948021,1.0486027407249234
2,1.0,0.5528417255219815,0.022683997316980863,1.0,9,0.27742109235112866,0.07984731885231994,1.0349129154954584
2,0.9268601746693093,0.8210100496464264,0.06183202059566465,0.2700642919611984,9,0.3590825132439791,0.20667047171411376,1.029672360376378
2,0.45116548303469267,0.2462955921874684,0.8460366792415241,1.0,9,0.4013951867402548,0.3232886265128734,0.7306232703441395
2,0.4299459540460756,0.24745982799113747,0.813551117217818,1.0,9,0.43609711170423765,0.33794179265075097,0.6900007537319366
2,0.5134408116202847,0.10923794056703989,0.40697341478121757,1.0,9,0.563458548222493,0.29788338674827153,0.8125843624460565
2,0.441584485068115,0.21946626580105033,0.6938432312457286,1.0,9,0.4764337972038468,0.3282725923267515,0.6869537004555191
2,0.3889694183697616,0.32656120491200047,0.6165101198696049,1.0,9,0.5822062440148237,0.3820985844073533,0.5929537161865104
2,0.4131114511166826,0.21689043950369297,0.15830533629485238,0.7472123696688548,9,0.852789560753239,0.36500693424605535,0.611973971429562
2,0.286432528501015,0.17048400938397196,0.2822773132632435,0.9049839783897408,9,0.9037091203824508,0.5191857157298976,0.5284779943092381
2,0.432909251506129,0.27304557935597884,0.7920234681388014,1.0,9,0.44123869510313823,0.336671995944273,0.6882452633880183
2,0.5580034053509194,0.2724994947597256,0.0869030910209186,0.4881019989412516,9,0.7514935095374842,0.322000791572741,0.8956929453623084
2,0.3470812963154861,0.3148690538013945,0.7436476472792561,1.0,9,0.5595761371031336,0.4363285685959758,0.5851846850064026
3,0.974361820164972,1.0,0.6120547985439794,0.833200408924345,35,-0.007830808170522896,-0.00530652508170576,1.2264577594998154
3,0.9651204475293297,1.0,0.6177587580970816,0.8212515488267415,35,-0.006745768181945777,0.03276310610906949,1.2191124115725958
3,0.9578339757153588,1.0,0.6175454212282064,0.8314130033254731,35,-0.005116532512365768,0.07433448129699927,1.213094154641046
3,0.9425496887466864,1.0,0.6299352732128709,0.7246165764099818,35,-0.0002193633145787799,0.15971178034013103,1.2003449330070741
3,0.8529074078197332,1.0,0.7414782451398187,0.15890785726190265,35,0.06804512449275346,0.2920405303843687,1.1306082541753961
3,0.9848247478668233,1.0,0.6517697747047603,0.0,35,0.05852521489584617,-0.02065328680507278,1.241809558622638
3,0.9631097359696575,1.0,0.6117044177826607,0.0,35,0.06072070689966402,0.04346705732411332,1.2205001310723969
3,0.9535016143281513,1.0,0.6484290204630416,0.0,35,0.06364518244627931,0.10013619100616564,1.2138554810761295
3,0.9312945163013547,1.0,0.627011085113409,0.0,35,0.06591919443318583,0.20679718656534507,1.1929695854815736
3,0.7584907691587438,1.0,0.6741827950507404,0.2600260589640357,35,0.28571033088278563,0.2919112620659881,1.01600593274106
3,0.7361813765279723,1.0,0.671089951225315,0.226326292444758,35,0.36237486040250494,0.30437816115520516,0.9930475179819735
3,0.0,1.0,0.7813615438268402,1.0,35,0.645468242040577,0.2613125783754366,0.8504952979890706
3,0.4748197864671754,0.9747920552694712,0.6358695407442434,0.0,35,0.6316711668234368,0.31542879884461045,0.7228183567659292
3,0.4022758317918859,1.0,0.4193453464135583,0.0,35,0.603567942642758,0.37647475775457273,0.5891044345731284
3,0.5315187130341665,1.0,0.6624697767556766,0.0,35,0.6946847420776054,0.1881114154347394,0.7862127341874261
3,0.0,1.0,0.27715971803729816,1.0,35,0.6454742617896783,0.26131258651504896,0.6288277615846791
3,0.05235019477673696,0.5793544332057572,0.1975393286671079,1.0,35,0.7132871545597474,0.26289739899253783,0.5846613969114912
3,0.3019018836132401,0.6605566675945873,0.24769557656016172,1.0,35,0.8863385676807594,0.46950929824775034,0.522310655858944
3,0.5153284348887882,1.0,0.5701917537054239,0.36799597703279624,35,0.802514224831534,0.19255292533806667,0.7340458959372105
3,0.07818104867098105,0.642888784686797,0.18908549271921674,1.0,35,0.7512652172896168,0.2655022523595396,0.5684669734615686
3,0.15144830789183272,0.565952846347859,0.18420677402926852,1.0,35,0.8604589662855877,0.30518381927458954,0.5320149699287902
3,0.21807437878196323,0.9640692646950351,0.3076998277526428,1.0,35,0.9216143716855767,0.49104127969630873,0.5132363445754616
3,0.0,0.6714367125070163,0.17686405555923082,1.0,35,0.6454869190398036,0.26131260245461074,0.6201762231126993
3,0.323081384805335,0.9802295483438767,0.33116809093625,0.0,35,0.817557003638395,0.3845307679500466,0.5306788778029746
3,0.7661615254632368,1.0,0.6756452195550711,0.27663860710697274,35,0.2601860721337709,0.2892319842314862,1.0239094153702444
4,0.9901966617536302,0.07952980600069187,0.5706105158420671,0.5737518722173847,25,-0.09738416644412212,-0.09269444828299617,1.2162664598318378
4,0.9795821041007093,0.32472769758886455,0.6694437483210851,0.6553533509637457,25,-0.087360415676212,0.012972494521283962,1.1986183003833801
4,0.6146155418180801,1.0,0.9201043531272697,0.39368961996845897,25,-0.037280968618943144,0.6008334192176488,1.156024934261242
4,0.5598888010536627,1.0,0.3826957481926813,0.4884814027774091,25,-0.04571284801251174,0.6662612178115935,0.9072087373839883
4,0.45361073703275684,1.0,0.50572763786552,0.4923567933114214,25,-0.050267551090910245,0.8263759544864957,0.7397292342056687
4,0.9571037740542454,0.0,0.6488213924742507,0.4773511863133589,25,-0.015053681508007566,-0.12877300779092288,1.1614702528279097
4,0.9217806880816686,0.1428964113274697,0.6005166284136716,0.5654487189982609,25,0.027555552331161415,-0.04164700200708693,1.1118349773154779
4,0.8967420748486159,0.2632944703906792,0.649141904604042,0.5359732934560083,25,0.05273520353955541,0.02707531778884964,1.078882763739492
4,0.8045156995417955,1.0,0.6358301698290914,0.802532316159849,25,0.02150273205658182,0.24798445427243485,0.9926599677580682
4,0.7903699177420325,1.0,0.6403001351302097,0.8003870191546998,25,0.023078659370092736,0.27001105416582516,0.9803966042245046
4,0.6983652131796527,1.0,0.6137927387539929,0.8561397668712758,25,0.04676258441848474,0.4205038744778281,0.9136264868023298
4,0.5815122863817104,1.0,0.5208328329174884,0.864456353575618,25,0.05805076101597295,0.6089630754037763,0.8327169693093666
4,0.4506731390802381,1.0,0.46955618827982026,0.7604673511636133,25,0.02705315987569895,0.8088386738205924,0.7075249198090798
4,0.3217158027792476,1.0,0.48710901963018016,0.7727534561334187,25,0.06172814742395738,0.9889600630634261,0.5630061316232784
4,0.18318693822115298,1.0,0.38110521707442163,0.6765210752974572,25,0.08657530116769391,1.149721234692415,0.38773765187950116
4,0.9188801646658731,0.0,0.6414185323427376,0.49618236376674635,25,0.06648287934878583,-0.11953145452553476,1.102938955840284
4,0.8749483347202655,0.0,0.634719127356184,0.514348724277351,25,0.1642851191425948,-0.10981811440231709,1.0396537844610683
4,0.8310158726195895,0.18428891110828752,0.6341942044254091,0.5543821195787483,25,0.20009272337010922,0.023469674617001224,0.9893507019071073
4,0.7811426223293191,0.34536321876286136,0.6383132196525801,0.6043196793755814,25,0.23225984503056746,0.17233976930344513,0.9424551413991393
4,0.7433134528509673,0.49506222423730384,0.6418525362667611,0.6213999995499598,25,0.21400913114159048,0.2956774091362894,0.9208091172211549
4,0.6184217245013685,0.8748090567434554,0.5518935465940942,0.8276874047978013,25,0.11367312059732376,0.5632826515757978,0.8512543958503983
4,0.5036605870041688,0.7398500032118959,0.5179632802182097,0.6118001334047348,25,0.18483138599702548,0.6968100124892787,0.7479100874776329
4,0.32879992668283975,0.7012110519552077,0.45496011703644235,0.5402792248846506,25,0.299601310162262,0.8754713372164191,0.5543621147333804
4,0.19602285475001743,0.7687824933148982,0.37456046331133097,0.4779899656669873,25,0.3007026469807628,1.0511439209769249,0.4042558900329566
4,0.07849979572169588,0.8496772679521446,0.2794260076481393,0.4301317405193408,25,0.28297271235653276,1.1943771531228387,0.2021191874042192
4,0.0,1.0,0.18031868088979042,0.5189557445512097,25,0.17368495029837153,1.2985063198388258,0.05106289985702661
4,0.8691257077056858,0.0,0.6542231187469928,0.4775613983935265,25,0.17618858794658274,-0.11153613248180444,1.0352680079010073
4,0.8039939982597185,0.0,0.6282214720314218,0.53538088946859,25,0.32673192874807966,-0.09618734953700475,0.9510294946127357
4,0.7762025775812342,0.12414301796395089,0.6399925330218068,0.5922308122629089,25,0.3417160903001761,0.008120671003622126,0.9256802980919837
4,0.7236935493786939,0.29606408483717295,0.6081387122332437,0.5915035784180354,25,0.3473833221983752,0.17765013594452667,0.8915549081470897
4,0.6685981471028408,0.4743375202337668,0.5904016603856199,0.6297802077601035,25,0.3072504062213525,0.3636854295408176,0.8640545495738926
4,0.5137260643577429,0.510521330368191,0.5217424012513622,0.5443476197999509,25,0.39592378137095857,0.5324630018884091,0.7364471298017506
4,0.3704871369627824,0.5576341533906154,0.47506683279696454,0.5560623709282371,25,0.4488913033176578,0.7049731149764069,0.5788392105935473
4,0.21011832949836567,0.6344104275366582,0.4172085346277007,0.5416985453432189,25,0.4719330571906916,0.9191176190968495,0.4037794400435668
4,0.0910480739202883,0.6748149612972032,0.2074459457882399,0.5575652519048812,25,0.5070759711603674,1.0504275736767863,0.20600168538622055
4,0.0,0.7660093696638984,0.22094043952480127,0.5127181707891697,25,0.44779127907072425,1.1898785371200338,0.03866760431253513
4,0.8013449301962595,0.0,0.6598073414872178,0.4749890262198671,25,0.32859236435966477,-0.09901353565613519,0.9557035211673083
4,0.7850282262640107,0.05748910308723876,0.6365770426289078,0.5419329267768324,25,0.3458837674270859,-0.05145636933804704,0.9340194284590851
4,0.7385237081311052,0.13730283584358205,0.6163322253771536,0.6009308289605549,25,0.4136478806480734,0.03402566350992603,0.8911496864947388
4,0.669343982143447,0.28885039282113906,0.6157168760464165,0.6338643208313428,25,0.4450230000684093,0.21395286245521872,0.8499184486565291
4,0.47313882055226353,0.3225184008572991,0.515664433378361,0.5403691424379773,25,0.638341319477265,0.3556036445120509,0.6672347896715479
4,0.38504690387785,0.42939084704604247,0.48178157963258467,0.5559892492443307,25,0.5968472441716962,0.5439726984280531,0.5781947801848546
4,0.22467270991430374,0.4955664588934988,0.43145117887328516,0.549795759790373,25,0.6514352232343168,0.7368264003099378,0.40813015154821597
4,0.09474822305648613,0.5450610900638929,0.3209855379377464,0.6198349849522736,25,0.6892211490520772,0.8950318119808293,0.19887770582760045
4,0.0,0.6091363090906254,0.19772705207943583,0.5438763606185064,25,0.6575067781073558,1.0280369361174433,0.026912669708244463
4,0.6503748954458658,0.0,0.9348664601482657,0.4954251849181323,25,0.6580809754324545,-0.0736505230794332,1.1018623176774978
4,0.7243225131484993,0.0,0.5997440658865989,0.572614641257974,25,0.5108310309632694,-0.08154628896858479,0.8719759462056952
4,0.6359665391589223,0.16341901778601528,0.5614075616070896,0.5577366311644147,25,0.5785617785138695,0.09372519493933101,0.8150487520344041
4,0.4877535263772138,0.27443591785797194,0.5214988107078001,0.5502196227240166,25,0.6781532831605523,0.28833753420814784,0.6775610569300906
4,0.39789686274292796,0.338198611868757,0.5024187311576854,0.4822137396216746,25,0.6940575916483935,0.41558283412408403,0.5899281221650841
4,0.26021726625296343,0.4072550807763434,0.48440691462897073,0.5494415399534311,25,0.7414772793537674,0.589538343636532,0.44478362611452377
4,0.12386374636919775,0.45070355788732586,0.3589682464933418,0.6524213241365737,25,0.8044571004037577,0.7438054226453699,0.24295956077538639
4,0.0,0.4833931089504319,0.20296795195685388,0.5699273790975106,25,0.8279433509285956,0.8540176826952096,0.018796870115400544
4,0.6216964652316703,0.0,0.5633438371302739,0.5236394699166398,25,0.7142133018651393,-0.06837907414286959,0.7898758863528201
4,0.5107796800614026,0.11098970034595301,0.4867505610239513,0.4748225201268653,25,0.8080488821163327,0.0760735689600176,0.691874145367583
4,0.3914053400328195,0.2215006607193273,0.5243656137024727,0.5515123031399402,25,0.8501289329166366,0.25998147159328383,0.5666713124876777
4,0.2131484845545707,0.2517644200127534,0.42032636552987224,0.5507035607856167,25,0.9904527475224572,0.3791939906079725,0.36908963942329687
4,0.1291602184136625,0.3463754365731621,0.38273852259396046,0.5822066604702053,25,0.9348904064524441,0.5699876197306533,0.2517081702820758
4,0.039135781183515087,0.4167346234465006,0.1884666124349173,0.6242231247198218,25,0.8984575819437182,0.734572468298964,0.0839478329891249
4,0.5067902088610674,0.0,0.5057187794028318,0.5314176569614283,25,0.9173965719989665,-0.04910656356718385,0.6672595104626426
4,0.3760026834518791,0.06020129293331333,0.49904917541597926,0.5187420339063018,25,1.0423044357194076,0.05083636269616715,0.5291267191670777
4,0.25779541232465186,0.16931254395896256,0.45936203939619463,0.5347084553788771,25,1.0503353845492727,0.237616414248474,0.4152577589568577
4,0.129478164036888,0.24245658181715962,0.36260595328329626,0.5196956603186144,25,1.06543500986758,0.4039303144401314,0.24775208632973245
4,0.025935447280071505,0.30459979942724913,0.24150115752058637,0.5929585100894244,25,1.047355662440036,0.5573884727422745,0.05511721812869497
4,0.36271849429449193,0.0,0.49843963105060296,0.5562011438458351,25,1.1211770642665702,-0.018557580649115613,0.5048456927504386
4,0.2180847735746495,0.11359731824741856,0.47751432840130836,0.5454895715021907,25,1.1497227016593463,0.17415206927648114,0.3662871179233408
4,0.09298150805090435,0.17783437507853447,0.25632263385835846,0.5666137426017854,25,1.163337073415094,0.32265097657983166,0.175246803544722
4,0.021827253826381652,0.20126352682292042,0.31962227946875743,0.6269178363413545,25,1.1714067732196274,0.39740375864441063,0.05314141718590737
4,0.16095095613013408,0.0,0.4199184852920495,0.5872345065538297,25,1.3036565535349458,0.047209472730281976,0.27359197218649234
4,0.10362413980696844,0.07191335596174034,0.26731299141742487,0.5646170495550581,25,1.266727520165283,0.16483858584242145,0.1887928865213283
4,0.0,0.1423417518085095,0.1891773799895397,0.5557996072725314,25,1.2354433309280737,0.3150594360901618,0.006195131482512939
4,0.0,0.030679110500261245,0.2474568284476628,0.5991376583837562,25,1.3356794394225275,0.15975639487737264,-0.00045368588153915645
4,0.40528290499114034,0.0,0.5120143639474692,0.5520720608246621,25,1.0679857116084117,-0.02879795898325993,0.551494921804585
4,0.5339354995035824,0.2369428434137726,0.5133655642219874,0.4761185395933367,25,0.6551597527765929,0.2183252043072298,0.7312813395053723
4,0.48694607975570364,0.21451834161905772,0.49796184090446083,0.5210380621743287,25,0.7407264807506295,0.2114818224812565,0.6703254406381136
4,0.3114926999873625,0.5353539770269979,0.4800504350507194,0.5559853763359277,25,0.5245016779285495,0.7271520266767941,0.5135295329560573
4,0.5476137056961219,0.37222796674703934,0.5218735288639623,0.5101934346173636,25,0.5050328932023013,0.36606218501760673,0.7588110191874123
4,0.3779211939034803,0.17626881491094898,0.5407012731299957,0.5159745356092997,25,0.9144407162693149,0.20234656706917872,0.5574767494255555
4,0.6602518775614401,0.6593233827836041,0.5768304952668319,0.7309620234824782,25,0.20693632669987008,0.47281300985892816,0.8670258865614553
4,0.28021864920450856,0.28817020944774263,0.4888150604185513,0.5534285154883432,25,0.8821522500858686,0.40337367019215364,0.4530624232012856
5,1.0,0.3777575676509991,0.6909874406444341,0.5249673911235238,19,-0.08577185833777545,-0.017182270787297227,1.1572362783553745
5,1.0,0.39894196977874485,0.6904190700596594,0.5802361163916108,19,-0.08928486885999604,-0.008086707527116543,1.1550796005948218
5,0.5269810865680455,1.0,0.5753944498020179,0.2043280447124114,19,-0.02205760455320599,0.7614139432184481,0.828112257484938
5,0.41747295030464115,1.0,0.4871033956486229,0.2960568700266089,19,-0.0196066706966469,0.8658785576217216,0.6543688621036954
5,0.9883893451023092,0.007291629577325098,0.7026601308675384,0.7969380404183095,19,0.006424822801136376,-0.015142965803208619,1.1220661581523563
5,0.9024171559600142,0.3550540949942534,0.681592583969904,0.6439499510969563,19,0.039804562428168044,0.08388358727569051,1.0245727977318633
5,0.8331336073949654,1.0,0.6617578843724307,0.9066825349050113,19,0.031233551368640144,0.19804147247302165,0.9594626121195502
5,0.7957346263682222,1.0,0.6417690185448481,0.8944211659441195,19,0.03760377157276118,0.24785252067917882,0.9376927066410514
5,0.7269557670410018,1.0,0.6039187805107515,0.8892195376578759,19,0.051443532566501415,0.34417659514252014,0.8976465821417305
5,0.623334259799667,1.0,0.5418476794510656,0.8574454611575235,19,0.0640092123257126,0.4903259896367823,0.8033700529126834
5,0.523525881938699,1.0,0.5209933803006508,0.8026217569049449,19,0.06727932864229774,0.6313399718480378,0.6837308500759649
5,0.4249584560047671,1.0,0.5294196675973143,0.7036023199499288,19,0.05731143199185029,0.7699450260413326,0.5680824773349082
5,0.31120269840346243,1.0,0.5119415910213664,0.6451240633031732,19,0.07086979261913101,0.9242935880225303,0.42233834954843813
5,0.20605734048298585,1.0,0.4846253390963414,0.532878752828828,19,0.08058259710486276,1.05958017421817,0.281045759407326
5,0.9201589024955937,0.0,0.6722935889519126,0.7206340455454301,19,0.11785778699786637,-0.013676598586226107,1.0331502853514782
5,0.8514452236476754,0.18297052698237565,0.689722473741359,0.7290021608203054,19,0.1748960695968967,0.07245972765776071,0.973899565548156
5,0.8369639356841178,0.35154763291117624,0.6596910524295846,0.706837062686566,19,0.13848829880069724,0.14985348275798954,0.9664331515059651
5,0.7359187946677744,1.0,0.6035582162239785,0.9229438291878354,19,0.05726716426678652,0.33603770979195824,0.8996099175135027
5,0.6350234294671466,1.0,0.5470793462909019,0.9117685962773863,19,0.07696899417954278,0.4797925220173075,0.8082622705610327
5,0.5770562252303179,1.0,0.531978428306831,0.9611323260252802,19,0.10660949573553236,0.571991041514785,0.7277658945043786
5,0.4966891542563838,1.0,0.515048980687842,0.9846170364295254,19,0.1374418085112188,0.6926817248691481,0.6140554267715238
5,0.3756475173180911,1.0,0.5416552203675389,0.8721706542940251,19,0.13087772955098687,0.8467423706994631,0.47191739646405545
5,0.2540984423087865,1.0,0.48201860985661943,0.7513417326573276,19,0.1277087835733272,0.9957389221256103,0.32270420685426315
5,0.1402147372038054,1.0,0.43725513637644586,0.72691633782223,19,0.1688937329123996,1.1257869860469703,0.15272922882413043
5,0.016946939543566446,1.0,0.3367493512053551,0.5067924933907153,19,0.17163673388702907,1.2424461883462457,-0.007219288980972793
5,0.8529626012576358,0.0,0.6643577329133638,0.7425085477578484,19,0.23514084124206913,-0.008863387424780655,0.967691308773005
5,0.8386876723751722,0.16969255872267763,0.6547049347597952,0.7351277339977718,19,0.20174572087429338,0.07217304525144735,0.9618957357580371
5,0.7867522155191242,0.22611617010265245,0.6381620537302726,0.7136494702750211,19,0.26486419754860707,0.12360429045714788,0.9374904036325229
5,0.6660833363760428,0.33384558043900026,0.5730725315333631,0.67356343435703,19,0.38915179835052915,0.264796270610405,0.8689206756304246
5,0.592261259338168,0.5267753709911369,0.5290376615014941,0.6598404140130028,19,0.33710367413950254,0.4580827858481815,0.7932689125986755
5,0.4837221788357017,0.6374899507385412,0.5232520319437239,0.6628521298335407,19,0.33008929829271394,0.6354219430995017,0.6514421580644488
5,0.35935366805408014,0.6249162991895021,0.5322954585598594,0.6062449518905045,19,0.4222433814169351,0.7468843463624983,0.4939937181233138
5,0.2632277078327788,0.760648483862838,0.5019636136977397,0.5776480061231752,19,0.31824139029465626,0.9289476162990284,0.3604786835552114
5,0.1242789225065023,0.7306028070183654,0.4157402810294045,0.5247002612771916,19,0.4274251608847179,1.026942403263876,0.14791257423788773
5,0.0044117344792044,0.7835861266385479,0.3380132928071303,0.4692608095773372,19,0.4176217660352402,1.1511424411639322,-0.022103799476403507
5,0.810777937737331,0.0,0.6540915088071256,0.7561950128830957,19,0.3154790575817397,-0.006686663005143145,0.94067921874844
5,0.7977049122780644,0.1470338459656213,0.627863173021933,0.8953683132528019,19,0.3404789416076155,0.10276369844019884,0.9244384355927397
5,0.6736351320305028,0.32813507436831457,0.5783225577757002,0.6756387635995904,19,0.38241099843594495,0.2555743042529174,0.875465968266061
5,0.5887933807886286,0.4127614959023537,0.5426897156344368,0.6437226884733107,19,0.4274219932372825,0.3797118940593284,0.790990688577973
5,0.503685971910517,0.45901374818026186,0.5146078755496539,0.6125678382630215,19,0.47562260739290385,0.4822465052464861,0.6870650022187208
5,0.3827446833667482,0.5564473383323649,0.5009447942325099,0.6047258776218415,19,0.4819083760649796,0.668200461861433,0.5276321267221469
5,0.2556818844876366,0.5814108524320748,0.49397148248555595,0.5683520175738057,19,0.5437264223694244,0.7879769793604086,0.34854145893723765
5,0.12961656190947735,0.6096879709679377,0.43074708182688026,0.5410892708722371,19,0.5846815328057293,0.9009845072438838,0.15318718970113487
5,0.03643405223213789,0.7163499612572408,0.3713962585093402,0.4915123407487324,19,0.4900281697986395,1.0714934059947983,0.01799768146948799
5,0.7132873315821129,0.0,0.5770401417605642,0.7121806225069695,19,0.48504291649520714,-0.0055118467453085795,0.8951744049738898
5,0.6419897475672812,0.14417764284102952,0.5347455636591606,0.6123728166490487,19,0.5187027684998975,0.1117385098172401,0.8518557150084813
5,0.5610916870036184,0.1811032729781951,0.5243788161187684,0.5758980244140893,19,0.620192769900977,0.17037842607880224,0.7655773971108419
5,0.4632368738097504,0.3327455433728546,0.5225147411863165,0.5869289229085366,19,0.6360172847704586,0.37805243645761066,0.6352593459388319
5,0.38209564079661623,0.39249253016810576,0.5276351457810343,0.5799447350998845,19,0.6627710958927644,0.49104570590155305,0.5272288374214729
5,0.24277154031957845,0.4926153507723775,0.4884180231954715,0.560622895547236,19,0.6647437637253641,0.6908223151507,0.3289763395433497
5,0.12378457112506375,0.496471645801387,0.385233472896471,0.502323367261284,19,0.7371968491378948,0.7508665198309115,0.15139015209487838
5,0.004513888591059962,0.5451608940092547,0.3540452259339003,0.5026745429211302,19,0.7291280433281893,0.8732631017461524,-0.025993444757991924
5,0.5795664990278395,0.0,0.5481976212942458,0.572274855917137,19,0.6767816708343806,0.003460597630804807,0.7882766464655759
5,0.5168849277575849,0.10745558316498005,0.517052818364122,0.5309357660478967,19,0.7210936163749383,0.10922936718213933,0.7167048258959507
5,0.45670400088279106,0.2087743768554424,0.5376447182434158,0.552937457993626,19,0.74769045545462,0.23482083834765272,0.6331102887879172
5,0.3683539176478329,0.26731101916172084,0.5191733628237212,0.5566101244850074,19,0.805158706894297,0.3373439221153379,0.5114205801391964
5,0.25249337889219925,0.3744892355989822,0.49174683094447336,0.5517398867232113,19,0.8009715773660318,0.5260346053051727,0.3442254311740621
5,0.15246763330730945,0.40911204741345686,0.4593564595195084,0.5470066262256654,19,0.831140542044871,0.6145206791553703,0.18774819277685872
5,0.05222976756149228,0.4836153901354425,0.3827893444950057,0.5720850358676874,19,0.7897501456591216,0.7692538769914843,0.03150485909481937
5,0.47082620424250243,0.0,0.5224571851234415,0.528868506171967,19,0.8437144232960275,0.012233864394197158,0.6536616102060745
5,0.4235609150307868,0.10632472912631667,0.5222531379678191,0.5299576310732255,19,0.861254451104177,0.12501424157578528,0.5907154901789774
5,0.3346777776274324,0.1825960873306114,0.5244639834179626,0.4828119422678862,19,0.9097520684409421,0.23875997187332793,0.4781382211894263
5,0.2200625739268127,0.2685329141934656,0.4769133695696307,0.5265338252234535,19,0.9437786459757009,0.38328868206397443,0.2965242873707903
5,0.13936733615240404,0.3159478646106125,0.43933671307544814,0.5458652711348001,19,0.9489202425980521,0.4766968597857013,0.1655931340959509
5,0.02435634596956962,0.35754300477243783,0.36272357146244605,0.5082284705075963,19,0.9515935743887365,0.5715432614140756,-0.0024006283378897875
5,0.32649984183593983,0.0,0.5231655667032882,0.46585699657414037,19,1.0244852966400555,0.029984448947131925,0.4676099790831217
5,0.32045873508933614,0.0,0.5112842595486835,0.47034026960720093,19,1.0323406952592662,0.029426242786156076,0.45751395246801063
5,0.20270594157325994,0.1778774695352416,0.5044047035033534,0.5298581193310057,19,1.0447562159900161,0.25727872921558004,0.27129644764187
5,0.10897886419287585,0.26916596712846536,0.41861000051959435,0.5161716171953135,19,1.0135959439261066,0.4114140618227901,0.12053821898398165
5,0.03514750268253063,0.2674764205440433,0.35044583852569205,0.5011488792200733,19,1.0432240240994335,0.4252257957595105,0.01231886795838777
5,0.22981657618422796,0.0,0.5610755801573608,0.6206294033252865,19,1.1731367785389484,0.02095653943722181,0.31812858345294537
5,0.20982108564664737,0.07138788225876944,0.5245613590784652,0.5433852534643754,19,1.1219075644675545,0.11266433842089019,0.2848413013068669
5,0.09433405759163255,0.16444809841459684,0.4242972386259459,0.5041679982284205,19,1.1147950656460954,0.2585529017827146,0.09916726886151239
5,0.0,0.23585101741346542,0.3476781561632401,0.5199168600132417,19,1.0825777685861793,0.38359109768698096,-0.03494028419199802
5,0.06739508107698168,0.0,0.39124630154305007,0.3998143023904541,19,1.2034402213923967,0.06486561285981457,0.06654817342741515
5,0.0,0.13191689440987336,0.30740766560441485,0.44501046724806576,19,1.158972379915106,0.2331517574521417,-0.027748657793461695
5,0.0,0.031181233617698877,0.3328572164025759,0.42459124742622617,19,1.2091792099392205,0.10468779945278889,-0.028662939752617023
5,0.8358362690655512,0.22167128482585263,0.6593766001746167,0.7174529708939645,19,0.1852464721376921,0.096129224354704,0.9624052773356891
5,0.5870087192346706,0.1315856043223314,0.5273134881636674,0.578152792193416,19,0.607398932428442,0.11505341293591836,0.7963144605236232
5,0.10618772405893435,0.0,0.4062539361032157,0.38257853583421897,19,1.187203994886321,0.06488868839766077,0.12890895160300064
5,0.5881897417636124,0.6229113004841447,0.5289558187302752,0.6874677600422965,19,0.2708758034788042,0.513383566737031,0.7846441804723169
5,0.25602313275965444,0.39833668287034696,0.49322576721880357,0.5558036343797043,19,0.7700160282513222,0.5580636159890078,0.3492239801303578
5,0.5677844274524056,0.2544084229422122,0.525021098952051,0.5915415793303337,19,0.564881955947572,0.24178972949172078,0.7719845633242006
5,0.32462642293653815,0.4648349221223193,0.5490529420144279,0.5565392661202198,19,0.6336121937115564,0.6086283017610548,0.4581616601575245
5,0.36310250381310133,0.3574319439234381,0.5225876372849084,0.5718239145411764,19,0.7192080005897165,0.456706998612382,0.5020971820897109
5,0.25570113233962566,0.5208012458390588,0.5021664784522734,0.5955350736298739,19,0.6217451771289717,0.7226213335641885,0.34352909866107495
6,1.0,0.0,0.11866663623020257,0.5145659400844838,82,-0.08879447793865625,-0.027272540394508715,1.288296743569326
6,1.0,0.22849154575215141,0.20624389861477146,0.48221381635266786,82,-0.08144980258796652,-0.015484185371938575,1.2243712059938345
6,0.4738368704199943,1.0,0.9977120501467813,0.2216693984518172,82,-0.013586399668201243,0.8296238949244412,1.0038314355637776
6,0.20960060754206086,1.0,0.9386813989096428,0.436920714867977,82,-0.04410460283761125,1.047428939240987,0.5875164751654331
6,1.0,1.0,0.6347233548067636,0.5368644742532959,82,-0.03707453813205136,-0.02928442093699385,1.0309350560404995
6,0.9695440286446995,1.0,0.6259291094177163,0.5262697542822908,82,-0.029448676148083885,0.01525407217703173,1.0248303431137014
6,0.9009882687113366,1.0,0.6387693349889344,0.5351211928693276,82,-0.011184943652323642,0.11279073631501546,1.0067826990747046
6,0.8433837694255378,1.0,0.6129381272497175,0.5229034210605283,82,-0.0008752165820674063,0.1991334985102275,0.9848312256242262
6,0.7388062847544931,1.0,0.6148889633138244,0.5786403325208745,82,0.01622312803572934,0.34327399883226367,0.9291411468024615
6,0.647208539310867,1.0,0.6121700725189977,0.6067565069365689,82,0.022034213250322177,0.4712549037884828,0.8617221062906343
6,0.5440742229682902,1.0,0.5579914364555181,0.610428175113786,82,0.018456424232434487,0.6140437329716713,0.7612704052704535
6,0.4310711266533039,1.0,0.5453002604056765,0.6248554520882024,82,0.008957598309057735,0.7598835925181757,0.6331096999749299
6,0.32066354189584895,1.0,0.5184044242628232,0.5858769879132364,82,-0.007916198509180628,0.8978643002169442,0.4860583240323583
6,0.20893975740793397,1.0,0.44129385526705345,0.650988127494019,82,-0.000727864481900875,1.0127583194394436,0.33207828242626075
6,0.10888675928478446,1.0,0.41700305975676855,0.6393721893260187,82,0.0005622416326823143,1.1117153793523116,0.17649326801939436
6,0.007507259252500724,1.0,0.46109519849618535,0.5898163027608034,82,-0.003526719704657566,1.2007689783088797,0.02618445789516277
6,0.99807140429853,0.0,0.6219278478358841,0.547775260204782,82,0.03155996264839561,-0.022896222985034353,1.0353936243366197
6,0.9524758885226208,0.48469479330152193,0.6234294015279112,0.5051016603814935,82,0.04410559410966669,0.052276523826382315,1.0226283995970937
6,0.9083759019267159,0.48868605747678573,0.6235981546641389,0.5051678726356122,82,0.09392658339793819,0.10189334998994803,1.010633687479437
6,0.7520626254235304,0.9185641831623599,0.6081506455716702,0.5583438248630386,82,0.06886214032560106,0.33729857340423075,0.9364874834380126
6,0.6725797901431646,0.9470570633577581,0.6657100384797374,0.6466807633336731,82,0.06904658879721048,0.4403895430812427,0.8955271670242059
6,0.6092124736377964,0.8804661858104428,0.6064413884546869,0.5952544993804822,82,0.1331432485023476,0.5402876152883334,0.8261170103465528
6,0.45210589428853304,0.9186238906137418,0.5352267813546143,0.5925505645289209,82,0.10763081403593572,0.7459593280472074,0.6546615566724724
6,0.3565420968907408,0.9048409356439112,0.5119362585818406,0.5933319681144209,82,0.1284054459624293,0.8604403667465386,0.5341585273050036
6,0.23332620466837645,0.9168502382623481,0.4982754958401285,0.6385128976832428,82,0.11981528951536174,0.9923437456526585,0.3692690825094603
6,0.12722794804027843,0.9108742081614349,0.42904093847439456,0.6169844873136127,82,0.13673324624632355,1.0934271297178082,0.20465326381222526
6,0.011462195232488204,0.8841819415995018,0.41580941583758246,0.6242885670158789,82,0.19477028866630958,1.1821670994985263,0.023842678242700033
6,0.9012467186902379,0.0,0.609450053481125,0.5325604821638008,82,0.16079151559956317,-0.007341192357839033,1.010801829058138
6,0.8895102601198894,0.0,0.5926113153822402,0.4934571017301508,82,0.16728585149764763,-0.004023409543670753,1.0079606405504768
6,0.8271123228245624,0.3065959021349338,0.6036901958534138,0.5061483486425157,82,0.2104344297470723,0.12738690601814662,0.9797466580282316
6,0.7140129414514916,0.5022987430149201,0.6258861867953367,0.5141105972974557,82,0.3077020349362649,0.31933236217134137,0.911528380104863
6,0.6264717486209537,0.5077369711647588,0.6271857110079878,0.5196452771238065,82,0.39492463862519583,0.4117322689691323,0.8409624097196853
6,0.5401736385575812,0.7126961911753074,0.5555232818617593,0.5809649608529203,82,0.3172481780209044,0.6088259191511562,0.7541627150179508
6,0.3998626970794267,0.7631464412780051,0.5821125206592817,0.5800209615110359,82,0.3142926298271769,0.7863006607793734,0.5935463504362491
6,0.25874952863593026,0.773446988006703,0.49654256654496387,0.5353841779249396,82,0.3346057983159971,0.9321233248707765,0.397468188599596
6,0.12734346501288035,0.7728083547665245,0.38246750002607427,0.39271116377425896,82,0.36504592199774344,1.0484469955632783,0.20407799131872661
6,0.0003893814205480489,0.7634004175756881,0.4731686302098693,0.5182090827979217,82,0.3864091332112509,1.120052568917885,0.019411550794713905
6,0.7868475175737819,0.0,0.5716324975123029,0.5097002093672929,82,0.3134796704824063,0.003317027452176269,0.9611592246526685
6,0.7558761138702068,0.05476548921610147,0.5587709152031352,0.5225663676700819,82,0.3485399315484443,0.03352547570339204,0.9429070812936673
6,0.7164365208744174,0.19949020959097197,0.565869697583319,0.490188163958308,82,0.3746019072092476,0.13428330713417924,0.9147760465392837
6,0.6184343783669827,0.3269320244746011,0.5653374850843428,0.4498169713191843,82,0.4708810347328669,0.2826016024248368,0.83485474062713
6,0.4915329348046051,0.39358394563275484,0.5123360594911943,0.48009980164671034,82,0.5857319004992869,0.4250873049514204,0.6991282247583167
6,0.42039688816481113,0.583669152598036,0.5658875576084719,0.5520432283132023,82,0.5115899579642542,0.660408638039709,0.6149556999005403
6,0.2629568321133553,0.5892294301089767,0.5022092677913491,0.48975903948322563,82,0.5947012640687126,0.7865620573859822,0.4031435200269966
6,0.1329644627531264,0.6570034938324231,0.5490593984663064,0.46991299253724217,82,0.5364948818198374,0.9426073691300861,0.23049286844776928
6,0.0,0.6441408521815836,0.38154783909988293,0.4634520813720796,82,0.588835725953411,1.000696303741019,0.004633473360667106
6,0.6606847341472891,0.0,0.5318098734864007,0.481718487801377,82,0.48356363964947846,0.008225917167955676,0.8736517091407484
6,0.6521104418087432,0.03619622331168157,0.5330365105735791,0.4776123952818814,82,0.48972396648657934,0.03456512554472796,0.8660508483120318
6,0.5796899562219092,0.19796395617447038,0.4833024677142762,0.48072617813583757,82,0.5496512686129069,0.1845617432498261,0.8022912195043275
6,0.5082898609232471,0.29199895477474147,0.5235580980372465,0.5574521187641124,82,0.6186379132732677,0.31064193826768893,0.7187791069991053
6,0.37720152111172445,0.35547499934439547,0.5521930992643823,0.45982064464790956,82,0.7141997962846542,0.4450351485762596,0.5604758565539133
6,0.26892549240373786,0.4600271954900561,0.4979050374406502,0.5094958573038784,82,0.7253970519155768,0.6318911004626251,0.41126591095105236
6,0.0929837799152247,0.4838754641731646,0.5121530333012394,0.48224085842202774,82,0.770727481338078,0.7451580490338403,0.16419990854929023
6,0.0,0.5438411440400149,0.4947358738778448,0.46913045755506594,82,0.7150771013569166,0.8696721716539311,0.02625069509409883
6,0.5481428530981995,0.0,0.5088072492141876,0.4592375343703676,82,0.6305669907727613,0.009167647532292322,0.7656768879504099
6,0.5214568549271786,0.0,0.4815124180699483,0.47859204926918214,82,0.662993965603832,0.0049121251452819426,0.7379080775715302
6,0.44601764019103773,0.15225724090885123,0.48597097184374577,0.46652122686889685,82,0.7229440888707379,0.17108081051604698,0.6465356942532375
6,0.3223525989665997,0.2088742531720249,0.5134638348561463,0.5159925074924284,82,0.8307762965843315,0.26577449254038726,0.48523188194975897
6,0.22424350075316674,0.2945991458899067,0.48736693545370396,0.46234309264326684,82,0.8579772649630064,0.4158734228524792,0.3481379685456177
6,0.1085246486605694,0.3620523964841515,0.48002317517941556,0.42216265387208696,82,0.8701467645376004,0.5545985555781716,0.18182691886348057
6,0.0,0.425554781393484,0.474443402227351,0.4626302861928985,82,0.8380402923585221,0.6870192098440111,0.02118221405285614
6,0.4388404540018329,0.0,0.4265502373862988,0.49027158255798226,82,0.7552158652497425,-0.0003971272635749923,0.6458884440316018
6,0.3947607364344836,0.0,0.42726140853728384,0.45300566604201525,82,0.7970542452110331,0.004483053453440966,0.5881483096340397
6,0.2907563215291338,0.15986580391411098,0.47999755759274915,0.5104721898387097,82,0.8698994661827169,0.20296311630102032,0.4410743097306836
6,0.2337324515422089,0.20679006962453184,0.47232174382171227,0.4906796822036771,82,0.8895849768674272,0.281446097808187,0.3604314245656556
6,0.04300651068544292,0.2474725655665691,0.4031567357337387,0.4580063470571108,82,0.9402696873070566,0.3829900360339302,0.07270597182446015
6,0.0006801038810082816,0.3121641967004621,0.41261899128291185,0.450485484942435,82,0.9157555318071189,0.49933869346383886,0.010328235033616462
6,0.31126625777694594,0.0,0.3624466894020104,0.4736918801785381,82,0.8682915846828454,-0.0018122462268411743,0.4820264049101101
6,0.2755546031872898,0.0,0.3517354582528176,0.4218498162291962,82,0.8898514649939573,0.007669639011195051,0.4318566578735717
6,0.12851684721440024,0.08298627072984313,0.27350207453966136,0.4339221186415302,82,0.9575986610272822,0.11873897056826571,0.21199420799829072
6,0.09018818910899701,0.15361069362862753,0.477050372281682,0.4948495882033169,82,0.9639195931012159,0.22315382122391683,0.1531070386553237
6,0.0,0.21191377770694791,0.4047540098938015,0.44656614466425537,82,0.9551553675298621,0.333668200906871,0.0084001358771425
6,0.1795420395544679,0.0,0.21318822539691196,0.4933146815790743,82,0.942467197500477,-0.005620619491248924,0.3082591662422024
6,0.058235930579362674,0.0,0.0,0.4320810375517692,82,0.9680955359584755,0.008100577494390637,0.15717182367424332
6,0.0,0.06626956168576109,0.007820755045861352,0.4423262094722041,82,0.9796870711491037,0.10405894329705201,0.04874801910987425
6,0.0,0.12013289193849923,0.3513794373360122,0.4286358591999788,82,0.9776778580972283,0.18920483944915312,0.003887890545417383
6,0.0,0.0,0.0015890764298831517,0.4346802982327873,82,0.9783193892839865,0.011782136688679501,0.05133020248366105
6,0.0,0.05376515021750449,0.23693905487600342,0.43093489178063665,82,0.984709701570252,0.08893986639938684,0.005127962388534302
6,0.946246762703394,1.0,0.6300835198729422,0.5182956633409957,82,-0.023464030165108563,0.0499128982353918,1.019311994281526
6,0.2943477425374464,0.329750160082614,0.4938530414375664,0.48291440394733665,82,0.795405737933846,0.4437295021502271,0.4460457284426474
6,0.7851291987148248,0.4966140675174782,0.6253222497580455,0.5123691709477981,82,0.2322931534518555,0.24080842311173736,0.9571912170284934
6,0.506409290867678,0.1104642195166258,0.4972866660152086,0.4667083700247181,82,0.663770682689063,0.1152502688026461,0.7187863023828418
6,0.0,0.0,0.09272300525870578,0.4472282588607526,82,0.9823572823626476,0.010161187514934722,0.02631163673586534
6,0.3105621979166525,0.08802166604661092,0.4137171278958764,0.44033722783757534,82,0.8604282227999437,0.11158057464442073,0.47318478251831236
6,0.40544031623874166,0.21938359912499844,0.5289456798919778,0.5317157221441594,82,0.7546122205018948,0.25967522530624443,0.593864078214952
6,0.5326044157529265,0.9090391774330913,0.5859975139282606,0.514497636878416,82,0.10934174098462102,0.6536388268336577,0.7441208395843235
6,0.24582129878967923,0.5535216275531193,0.46614600575685533,0.4253820827882485,82,0.6508788432484429,0.7599491657512358,0.37905470538209624
7,1.0,0.19449295080741774,0.34586231574548854,0.4239934303601234,71,-0.07099602391321641,-0.01947797832365289,1.0822346212213798
7,0.5397397353266281,1.0,0.900365407440728,0.04941675428375436,71,0.0009796866381889813,0.8159317769841268,1.0393337791943433
7,0.3940758932801549,1.0,0.8834519628665628,0.5607977633216804,71,-0.018596550823424207,0.8150348155888802,0.711182843716813
7,0.32098746728575983,1.0,0.70609116214146,0.5166932074756566,71,-0.02447101686818931,0.876124382792646,0.5150304304604099
7,0.21111697713101807,1.0,0.6318314778604619,0.4917998018213098,71,-0.035126575071715405,0.9549723079661001,0.336522072672527
7,0.12191017305055007,1.0,0.6558468315757524,0.436427162563052,71,-0.053054043550418206,1.0029697666253237,0.2089745635981497
7,0.045887860339689834,1.0,0.668984524229416,0.4288680452946774,71,-0.0646545553176543,1.0306872214830982,0.09690384350357506
7,1.0,0.0,0.5300348825383435,0.41474139686248,71,-0.016176825497852876,-0.02808396322326573,1.0310491511136628
7,1.0,1.0,0.5722614294950237,0.5082526705403577,71,-0.004954576403225386,0.0020873659292403035,1.0136545053901977
7,0.9460847627186745,1.0,0.5542136216394662,0.5030807138643817,71,-0.004111919390855701,0.08508468239898453,1.0055205482436653
7,0.8845892359720221,1.0,0.5434089963543514,0.5052011160671148,71,-0.003185071498456038,0.18074151305516628,0.9907849002846243
7,0.7973673302767992,1.0,0.5376989361697856,0.4993648066484223,71,-0.00218410056524887,0.3159999285602252,0.9566035619744518
7,0.7000300463284371,1.0,0.5799267287286038,0.5266386296156194,71,-0.0010508433508231163,0.46046380450117474,0.8992416358083604
7,0.5836564889291516,1.0,0.5380026102255179,0.48228442207901157,71,0.00022462743647100325,0.6130216287215005,0.7989960051073324
7,0.46134284184775703,0.9976154064008643,0.5182207576217649,0.4980656675490047,71,0.002602162813538922,0.7486783116390733,0.663037007879438
7,0.33234961870420837,1.0,0.5360139684936861,0.49590129143688394,71,-0.011357567007890756,0.8673716302220527,0.49594830725532474
7,0.21815889159241061,1.0,0.4678038794157206,0.5159068111905778,71,-0.014325280996570933,0.9520199165343797,0.3335419224704046
7,0.0,0.9224565304045399,0.6429742036201712,0.4460361928969545,71,0.05752576843337576,1.0141853981832183,0.020099864930902656
7,0.0,0.943531183914672,0.6076710783326987,0.43364146107215046,71,0.027874812331297294,1.0220032339645355,0.011378906242003883
7,0.9706628852131036,0.0,0.5547597025437667,0.4801340992042319,71,0.03767254994161784,-0.018990999440770484,1.0171787184552015
7,0.9601200462360803,0.04039799876382128,0.5480897086288876,0.46938484564583327,71,0.04170144890696309,-0.01097028468407607,1.0157635827741864
7,0.8838044364337254,0.3457187691040343,0.550797229785881,0.491963629538522,71,0.12040413353217089,0.09472449886487122,0.9929853718894693
7,0.8434271742526078,0.643276966899717,0.5669064378058286,0.5289050045603596,71,0.13554025016288768,0.22308655213099066,0.9774827321665976
7,0.7501691471283298,0.7652480203724842,0.6304406677760144,0.46385846130556574,71,0.14911188771467226,0.372053598090718,0.9401591891168266
7,0.6425734239508342,0.844588981392707,0.5794062815646602,0.5209584795211059,71,0.14064061477683154,0.5285940186264565,0.8543700037176201
7,0.48309909084809166,0.824234568698966,0.5371223391496378,0.4885597049143088,71,0.2135860392043918,0.6982573219876663,0.6892880081279514
7,0.3139321900382157,0.9104392643765467,0.569036474503222,0.5226908161728648,71,0.11560523829456298,0.8660259555503818,0.4741795793289545
7,0.0,0.7666459247238573,1.0,0.41524920110660274,71,0.25224233529862217,0.9207548660662153,0.21826079654676034
7,0.0,0.8019985966472644,0.7979299994709814,0.4232403063087109,71,0.22645914650302312,0.9464258746898431,0.08159225305288664
7,0.0,0.8851294400647925,0.6586132360268798,0.3742273087740364,71,0.1142495519983594,0.9910921032419573,0.02607001894956218
7,0.89139013250315,0.0,0.5672288019798218,0.5668459545395387,71,0.17305213228617677,-0.006032749969065387,1.0002167656359544
7,0.8816506478455488,0.0,0.5453340477929809,0.5182323330567262,71,0.17094526990463543,-0.003492222275572221,0.9940568568580932
7,0.7826526791637587,0.1754046661590165,0.5621766703969905,0.5178036983999263,71,0.29011350286077886,0.09430954026967009,0.9500822552153396
7,0.705894170489739,0.33253061827723723,0.5381110728502083,0.48470669832525914,71,0.36131410446689444,0.22917373028334748,0.9024242326807828
7,0.6145141727554914,0.48027730044347855,0.5820569188552757,0.4726486420562098,71,0.418056026067363,0.40157145971755037,0.8307281035371696
7,0.49953059881032635,0.7482271756861893,0.5978981880847013,0.5398021678472829,71,0.2915103099407494,0.6598055669403223,0.7146857132547242
7,0.4062793611817709,0.735829287096445,0.500427484901756,0.4139839173716059,71,0.3520413383791981,0.7356002418280443,0.5984028415630172
7,0.0,0.6432123332098671,0.9938334014482122,0.37647885426000016,71,0.4256297449261483,0.8191659148073773,0.21651856401210412
7,0.0,0.6924800809138015,0.9206444098464435,0.3661829046774565,71,0.3710129411616063,0.8597768570152817,0.16076463798465368
7,0.0,0.776871064388143,0.6557078895135521,0.35776576005129535,71,0.29257727196014044,0.9244134005211315,0.027040284160930406
7,0.7887220449752744,0.0,0.5803626636190217,0.528316954043283,71,0.3175190743786578,0.0035383557667088006,0.9549236655850457
7,0.7731682422740582,0.0,0.5317874147603635,0.4983382396918211,71,0.3243555661977233,0.006657159620644892,0.945753010388096
7,0.6881990028196796,0.14814054645681507,0.5222131191449826,0.48246543956883325,71,0.4188084323951134,0.11331003850211707,0.8901573536488925
7,0.6107578802675695,0.29261562220059745,0.542070554822491,0.47371061979882145,71,0.4921736492494959,0.260413858340546,0.8249462276542481
7,0.5457041078274967,0.45891477089099664,0.5436676621001781,0.4451831852509975,71,0.5003312334151938,0.4427067614613905,0.7622024678195252
7,0.39731411226223473,0.5476893060202283,0.5945184445022716,0.47806123851943266,71,0.5467976256991973,0.6180748832714511,0.5891122434056194
7,0.0,0.52188443764981,0.9969852700573568,0.30943077988398654,71,0.577638786888058,0.6959660976905192,0.2266076342363158
7,0.0,0.5679388113774227,0.9169429696634397,0.33174827188010797,71,0.5374796888042294,0.7448481138866244,0.16241449554332332
7,0.0,0.6987742084508344,0.742152078551935,0.3888627122975432,71,0.3940655121557962,0.8689128804917872,0.057485025370483056
7,0.6612241353660507,0.0,0.5102300641350926,0.503074817697441,71,0.4828719085348019,0.006902350057464257,0.8688898428715645
7,0.6596925320244118,0.010622392291793889,0.5053522380134734,0.4824862133017517,71,0.47973844498154977,0.01789264701858584,0.8686506317716758
7,0.5477131223680197,0.09337324831391704,0.5117289689980853,0.44721321022676463,71,0.6124240069002629,0.10313320444289281,0.7644270353546764
7,0.3981005349910141,0.22163403705516474,0.5894856864542877,0.47495537475365146,71,0.7365265088125129,0.2719118571531585,0.5904519386456822
7,0.18258981577727879,0.307843851101009,0.8919725789293727,0.5468522453712088,71,0.7843239156980835,0.4475381398909634,0.4207800370140069
7,0.040223971489343514,0.3776848352931939,1.0,0.46588737267837144,71,0.7122908100862049,0.5536902997651241,0.2833966345972285
7,0.0,0.47066348900005917,0.9221469644888497,0.33873396160978436,71,0.6419245621373254,0.6420791947784448,0.16654741786913918
7,0.0,0.5860251840354981,0.7269996605420944,0.3558545062973898,71,0.5543493612942217,0.766125924894332,0.05405593753312454
7,0.5632897438303729,0.0,0.4954464330192261,0.5228048628938654,71,0.6176427225638437,-2.418899598732871e-05,0.7790449328136614
7,0.5124887667280557,0.0,0.5186678357361317,0.44561726646474453,71,0.6733584677275699,0.014206546076878213,0.7258366945497908
7,0.38586713279678314,0.11241955689233438,0.5602430097986759,0.4640374415590106,71,0.7831607940600751,0.1403506280861779,0.5719868941508053
7,0.29440195619153686,0.18293724104984277,0.7126238288377766,0.4546854309439713,71,0.8131095203266505,0.24574310861074047,0.48495586849902017
7,0.0,0.25276398096929553,1.0,0.4051766360259159,71,0.8041754524666882,0.3656076272225366,0.22466965412389783
7,0.0,0.31784611439216764,0.8969556504316254,0.4222671685887483,71,0.7710501320130494,0.462622322117693,0.14600599049825058
7,0.0,0.44726723171451077,0.742403373194742,0.38505697280952733,71,0.6984058719443289,0.623096624293664,0.060490435096169914
7,0.4472061519720674,0.0,0.4866504330111424,0.5112495270876917,71,0.7562555765348684,-0.00340501390613146,0.6478579166580475
7,0.38512683145700244,0.03428378213418273,0.5447855069940037,0.46223124231570917,71,0.8058503655416237,0.045224688572476746,0.5702077345042367
7,0.3118288920549592,0.11164100377604573,0.6027856250659365,0.4586704633318851,71,0.8397638046580518,0.14705883208504517,0.47908901524666897
7,0.0,0.18621207519735777,0.9396374450632425,0.415372137611647,71,0.8587589914766722,0.26866332299210877,0.17797030979390405
7,0.0,0.22495673859546086,0.9140663936624827,0.4293931669312435,71,0.8356304401486279,0.32864162568391003,0.15874145320477995
7,0.0,0.3257347509208761,0.7359490364839392,0.4146731696631307,71,0.796910370363407,0.4731346621001584,0.05828275196279464
7,0.3191162878556808,0.0,0.5718786802027731,0.47776465060550355,71,0.8744566231799936,-0.0017108613088616664,0.484919846634746
7,0.28128005852582955,0.06701266201204717,0.6129209478743621,0.45495698859145867,71,0.8758581295975536,0.08947135455902777,0.4390325125004959
7,0.0,0.15007083846067196,0.9613031984308156,0.4218352277162532,71,0.8805440133765827,0.2149499713686165,0.19457239146515104
7,0.0,0.16828251406694109,0.9221608518266717,0.41203963801744037,71,0.8732731154641868,0.24163741007576084,0.1656257523552861
7,0.0,0.23917984097472877,0.6877576801103101,0.34521490929019827,71,0.8788225700896315,0.34349615532147615,0.04378431687200757
7,0.14593779491278783,0.0,0.7720206805378652,0.42338172664397367,71,0.9594609617446872,0.0007319703550250911,0.29757374820728993
7,0.0,0.0685044481007776,0.9117931353521247,0.42451496566772456,71,0.9400026869392801,0.0941257180464603,0.15924816034639433
7,0.0,0.12981525622636156,0.862527032252541,0.43057611535740853,71,0.9073294192125794,0.1857768645281005,0.12591248633116592
7,0.0,0.13376623118486847,0.6515671610129741,0.4511343704695264,71,0.942024893642238,0.19500013509325834,0.031285736861053404
7,0.0,0.05079889128169986,0.8568960122402514,0.3876282895766777,71,0.9585893767255411,0.06930792590773621,0.12481490909643278
7,0.0,0.06838892051206812,0.6137220102430122,0.44132154871266677,71,0.9911486555586915,0.09608809656268524,0.02242288675094084
7,0.0,0.0,0.5784609418801004,0.42679812100214776,71,1.0393808490014596,-0.0024317228777474553,0.015985767380389038
7,0.5825312161146201,0.9259866728037535,0.5504935298338343,0.47126508531632355,71,0.07661544548862181,0.6105824676437006,0.7985408189491141
7,0.0,0.36409604125542866,0.9867387852385439,0.4393491578012418,71,0.7203476442618257,0.5297563113338993,0.21154791266750494
7,0.5286745383037196,0.5902034194043163,0.5559600290783795,0.48615366107206176,71,0.42747227459338155,0.5495312263308475,0.7418750568097598
7,0.4625452594322622,0.9168984945703712,0.569300808807271,0.553206121858847,71,0.1020008923273647,0.7411345268513934,0.6688480126413725
7,0.8335282104024307,0.8017824853201488,0.5511519857177585,0.45195252636475114,71,0.08832807583550462,0.2603496684271777,0.9758734326507873
7,0.4021493953750152,0.41748199642067496,0.6645070052830779,0.5196420805165619,71,0.6369843913808543,0.49384418886762593,0.6114726166386923
7,0.6468700359500447,0.809008975778345,0.5540476356564361,0.45694953621415213,71,0.16974570399250039,0.5147708052873281,0.8585634545227132
7,0.3565041137836754,0.3101870680588466,0.6189176008732401,0.47018346762293206,71,0.7283070957266617,0.394116471846696,0.5410925542129983
7,0.5297323316978956,0.08290546836787456,0.5540900671993295,0.5270687291725286,71,0.6483794138626117,0.08121376465491603,0.7434088838788538
8,0.9654331966326672,1.0,0.4396618954703229,0.18382717435000645,82,-0.02644313951083871,0.12469541341933649,1.098260284092894
8,0.869762127137348,1.0,0.5513155698097075,0.03736985537855941,82,-0.029745538741504707,0.3345938624269902,1.1944062222953153
8,0.7962988079974175,1.0,0.5279223041843544,0.48714479567517055,82,-0.004841718915368942,0.3155380105843803,0.952174248927359
8,0.7032112035936475,1.0,0.5250167682270916,0.4939107156216547,82,-0.0036976240497867963,0.4529110215978126,0.8970831132814547
8,0.5944095592925809,1.0,0.5279715878983229,0.49010059517937793,82,-0.0013025540092105325,0.5982794468064997,0.807036100790308
8,0.4753816860939039,1.0,0.522640915066922,0.48678812198820404,82,7.34814459633637e-05,0.7344306309871208,0.6795366059010771
8,0.3505824125443318,1.0,0.4768863770456713,0.5216363402749945,82,-0.0025700899420528223,0.8523030702421255,0.5240542446163929
8,0.23067142153415415,1.0,0.5288630769476842,0.48291293879751734,82,-0.009784208586276655,0.9390437922658681,0.3565424717646772
8,0.12170193611895232,1.0,0.5025106461673644,0.4982702385433355,82,-0.014600691720877912,0.9961033167658828,0.19590771633475834
8,1.0,0.0,0.5024001502516124,0.48667117609419946,82,0.007050259568404715,-0.01948449423445514,1.0029326785952721
8,1.0,0.4930208209937879,0.5113338006953633,0.4748600659304526,82,-0.017377762853436285,-0.011852115379533346,1.0019017188581902
8,0.9458417380428691,1.0,0.5092619615936885,0.4862673211643802,82,-0.007974703094820512,0.08541471539616302,0.9968347152212176
8,0.8698379049376043,1.0,0.5435194524390056,0.49070137468556013,82,-0.0049371028110054005,0.202437208436821,0.9813593201785666
8,0.7867920868000584,1.0,0.507228192645215,0.4940718383383889,82,-0.00513443715869355,0.3298602936331446,0.9476037514811494
8,0.6625737822327462,1.0,0.524162348848342,0.49322757578881055,82,-0.002896666540719517,0.5094438054777041,0.8666418676880786
8,0.55777247481941,1.0,0.589523434969705,0.48552483549206493,82,0.0006141828783781111,0.6428285530835166,0.7737286651630815
8,0.4379214422584242,1.0,0.5866203722979221,0.5076214186869751,82,0.0008839130359769576,0.7729199407729428,0.636296296411585
8,0.313347346516302,1.0,0.5005836056746215,0.49507366801962016,82,-0.005398968988041097,0.8813570981570908,0.4724138390582996
8,0.19679486114307124,1.0,0.5056593086444968,0.4942253220926344,82,-0.01168762456350092,0.9587189621714878,0.30818487366043
8,0.10280281498756166,1.0,0.6138376877927187,0.5043221198237154,82,-0.008573861279898176,1.0042153824487403,0.16753970765481008
8,0.014350357182158255,1.0,0.5184404602220267,0.5016061708368724,82,-0.015679372885590792,1.0344522471085156,0.02391476494749023
8,0.9614194590546502,0.0,0.50945521909709,0.5032610055949167,82,0.06244119303930201,-0.013433345805913322,1.0001090976055402
8,0.8969297378965346,0.0,0.5551703067739475,0.546705254898391,82,0.1642636778134355,-0.006818446841123038,0.9934732573522251
8,0.8848623937979831,0.3834803138705827,0.5181914041281824,0.5476914325321015,82,0.12855915217772307,0.10257497861836085,0.9881708651764924
8,0.8073948586071772,0.6048535550465653,0.5167444945075973,0.548423388595419,82,0.165673765534416,0.23798005399466832,0.95971425398402
8,0.6978294535833122,0.6190441899783383,0.5330171283479094,0.4913024623637193,82,0.2526996167108462,0.37923042431392595,0.8927867849272704
8,0.6322511199016321,0.7783416824911177,0.6010380561181995,0.5314980486560272,82,0.19325670254527363,0.5322988474328002,0.846596701779066
8,0.5138907774901902,0.8248736147267028,0.5358360975687355,0.5073681418366289,82,0.19950281441191606,0.6924084419488858,0.7232333457645589
8,0.36141209865430085,0.8586443943708314,0.672682390641137,0.47564106160503894,82,0.2010089587805551,0.856194064635722,0.5489479489971341
8,0.2346643035840012,0.8940992549894431,0.5191082813017467,0.4838651060914817,82,0.15712884447936698,0.9569711571376611,0.3624650651773837
8,0.12313412492421313,0.9104491290333471,0.5477820474126596,0.4936159306234175,82,0.1341950362334416,1.0178201030202565,0.19777628671417657
8,0.0,0.9815790716626648,0.0,0.6039014207460848,82,0.11243310594195027,1.0551770676779804,0.0009404620500581551
8,0.8816284653597469,0.0,0.5095385838054403,0.5352136733764803,82,0.18000666412935462,-0.004843186501290786,0.9864605010478857
8,0.8385744913756069,0.0,0.505394538025816,0.5304866290232372,82,0.2424208145001757,-0.0008919086919635943,0.9717075075080233
8,0.8061583468493236,0.2759359473664677,0.5177541798205457,0.49837333176243703,82,0.24582178435430907,0.13313746878243915,0.956448352254661
8,0.6982593943485642,0.43051916818649694,0.5360197320866333,0.48692284103194555,82,0.3368558533687199,0.28519874700582504,0.893162070487157
8,0.6448721872325338,0.5593081847724761,0.5847814024347555,0.5105789408493012,82,0.3326928813723409,0.41004515933407537,0.8545228845851245
8,0.5407992877928705,0.6568363793908505,0.5453471724559702,0.494325006001363,82,0.3492712962252013,0.582894063482539,0.7525103432903525
8,0.40711171591634154,0.7104600419566175,0.536448497184575,0.514795448037355,82,0.3713027691662112,0.7513901892089294,0.5953087643662782
8,0.2405191600871027,0.6931241650682778,0.6060061984910161,0.49122878694282074,82,0.44726915646804655,0.8602276342706259,0.3730818811963201
8,0.060083593800223795,0.7131606917991025,0.5438757455433684,0.46771517284446945,82,0.444237709473424,0.9538951744109743,0.098347834191569
8,0.0,0.7522663304018019,0.47677181112090494,0.40281860982259066,82,0.3956574459221975,1.0064291461014947,-0.001874921509541383
8,0.7842343073342932,0.0,0.5218587608538156,0.5279118679438052,82,0.3231859745217994,0.00264525422803652,0.9468436106304822
8,0.7496882975605359,0.0,0.5450778331060423,0.5288183119413833,82,0.3753181381906417,0.003913277007088767,0.9281307943760433
8,0.7116719866160894,0.21647537889717727,0.5797449609522761,0.4885579378859902,82,0.38691099759316955,0.15611060833971757,0.9056179706762395
8,0.6303464131871968,0.34312985048971356,0.5983254141198455,0.4782870647327413,82,0.4486076199372002,0.2865104014078729,0.8441207343663576
8,0.4915200096591302,0.3896075099516485,0.5759770801423606,0.4872216828029637,82,0.5780011745200354,0.41373921349127696,0.6994581133273687
8,0.3366436928202723,0.4850818944110935,0.6213321017200427,0.5153333631396682,82,0.6280631284871611,0.5985235797107394,0.5087588941412879
8,0.24416983315435106,0.5623558590740019,0.6493833814374494,0.45987776549440273,82,0.5972898375772968,0.7208252095872598,0.38199652605167916
8,0.11032821206102641,0.6096599859798991,0.5097060327206084,0.4299615729010122,82,0.5822543878491685,0.8176532158532666,0.17777919842820467
8,0.0,0.6445342458869928,0.5697721177464649,0.4384311524771423,82,0.538444368801572,0.883225766790618,-0.0014543013731928012
8,0.6765413648425244,0.0,0.5179339178901721,0.4908416201376294,82,0.4735756780837136,0.009684647378615685,0.8769060506099646
8,0.6603653237330586,0.07434050899079625,0.5274707483527902,0.5044240878255841,82,0.48811153322538126,0.06673991696214987,0.8639031516335779
8,0.5822045930207292,0.15673264883735583,0.5634026885892884,0.46678280296325253,82,0.5689872071972271,0.1572322249571329,0.7966320135146134
8,0.5068993722703394,0.29605409630845975,0.5517955712870461,0.5056692202025367,82,0.6124820111214361,0.31507286280842317,0.7153737127962303
8,0.2847958827818229,0.3509155225839989,0.6622257543886986,0.4621298895595142,82,0.7496830951286156,0.46759835362671465,0.4423054559572873
8,0.21208116329031973,0.41974743760118477,0.6602083574461185,0.4471134854138761,82,0.7341702280315271,0.5688463644491759,0.33648939708281583
8,0.13631154616004748,0.5206733603460642,0.6546689374170658,0.4157020765633663,82,0.6699980065003059,0.6999639873492867,0.22020737007739666
8,0.0,0.5438831099580735,0.6354622885061224,0.4482410449475663,82,0.6516879989115552,0.7495241533139986,-0.0003801763975791461
8,0.576375982340508,0.0,0.5324770185549782,0.5103475910315991,82,0.6103382251178251,0.005376282659485809,0.7884681590777548
8,0.5236380556067457,0.0,0.5678588717055069,0.5089913414662118,82,0.675241870528505,0.003603374880538024,0.7350020481855899
8,0.470108376194105,0.15146166686568963,0.5532380748759635,0.5097436166557104,82,0.7040966787286307,0.170196678713637,0.6730568622033707
8,0.3458466720783011,0.21815638233214318,0.6120318696824613,0.505547541551375,82,0.7862669869152996,0.2797669967794849,0.5203943768750684
8,0.16568041479398493,0.2734961254903136,0.7029664220514925,0.46372650306968444,82,0.8425295273710829,0.3928498926219941,0.2718844458970892
8,0.0761272209323854,0.359853675604554,0.7256916668820653,0.426607502749463,82,0.8081889637329902,0.5136897524953333,0.1296640722416701
8,0.0,0.42403816192455107,0.6865444744579978,0.41977294252819697,82,0.7648129518401112,0.5949171315485989,-0.0001930167930860316
8,0.46344559879823144,0.0,0.5730558407803341,0.5035384897829669,82,0.7420996585845805,0.0016763415343443722,0.6664325102568879
8,0.4083846365945399,0.08646047808519647,0.5863838742375627,0.4617136240390393,82,0.7755371828388232,0.10703588114162887,0.6004488370676372
8,0.31740624083402963,0.10839456205558924,0.6273533396585879,0.4650455814404157,82,0.8419852992490526,0.13989714811995357,0.4839888261412474
8,0.19084501985484428,0.16728878088405336,0.6950182179067993,0.426907794153378,82,0.885899047294078,0.23513624423843477,0.3092825418139971
8,0.043086112431649115,0.2508020157644505,0.7330127521534568,0.4390722202573708,82,0.8781103638518823,0.3682257102109524,0.07667332584172248
8,0.0,0.3143227946198756,0.7188502153422179,0.4166290206431335,82,0.8442238554434244,0.4546967993105267,0.0015711595893097563
8,0.32836965365056503,0.0,0.5401788320476708,0.4824189264922282,82,0.8679201318576302,-0.001510191162357677,0.49322849797938245
8,0.2844075691169398,0.05895888639357984,0.630788117169502,0.4720226781845395,82,0.8787963479125626,0.07391661415286421,0.43871382618362353
8,0.09883096498892995,0.10035195426004742,0.751856002226656,0.44332223521657527,82,0.9400029494978144,0.13905794332903137,0.1716592287337496
8,0.06367643557620838,0.14931970130739708,0.7448721960133411,0.43503667449113714,82,0.9266316681317728,0.21382090042147392,0.11228750002692967
8,0.0,0.21654401331079437,0.7626445829520233,0.4295761658439929,82,0.9003356301172127,0.3171405450528846,0.0061316899565547756
8,0.19972147596291218,0.0,0.701903517348534,0.4191050806080218,82,0.9357203269994097,0.0027890094382225783,0.32444067954263606
8,0.11572999732891096,0.07774089113952218,0.7361181460594488,0.43163984552145324,82,0.9440236110383834,0.1058830477326661,0.19674734436494545
8,0.02709651767048085,0.10853624421138838,0.7611606694963856,0.4320278126070135,82,0.9492438782418569,0.1531404277721683,0.052689640140762606
8,0.0,0.16430037827889596,0.7199257427428317,0.44479550040562127,82,0.9267379385254867,0.24010480145608895,0.004065122592384451
8,0.09604752643282637,0.0,0.7519913539315901,0.4236541725864666,82,0.9738555645826972,-0.0009158176936221452,0.16671363547399698
8,0.02256163062164771,0.06392721676266683,0.7947337773039708,0.4338880421513657,82,0.9675412863837056,0.08758847450417084,0.0493244692560445
8,0.0,0.098900716985368,0.7864882201967427,0.432143808507499,82,0.9560252711752643,0.13958649875554713,0.00945939377232552
8,0.0,0.05680914632491545,0.716967166457515,0.43032420230853213,82,0.9746232199623137,0.07804411384906079,0.003454168784773115
8,0.0,0.4661879681571318,0.7737467721247215,0.4481810949051121,82,0.7312122689731507,0.6532438488800983,0.00741715428609957
8,0.0,0.12145380063583008,0.7644406092255285,0.4319890776514597,82,0.9463383432038652,0.17337910487002045,0.006958483413475047
8,0.34207919525305297,0.9403755505508288,0.4904772804202482,0.5245155021235448,82,0.08327075200483597,0.8733756345266238,0.5119541576927682
8,0.6382258961572833,0.7976746391558515,0.5308686622663431,0.4934913872182574,82,0.17452566462692776,0.5284113448204133,0.8461278498950485
8,0.5533665288601344,0.07080661735663288,0.42684471988569755,0.49057054045558457,82,0.6345943652818568,0.07567752205032979,0.7733571640045795
8,0.5203722023525468,0.4316045510420789,0.6086353403727649,0.5317692413219379,82,0.5294622149416921,0.430936291620815,0.7360481523235544
8,0.8808011555187181,0.08448614410915196,0.5062661905028232,0.48794871668924866,82,0.16934853374783637,0.0309382115470499,0.9842362442716209
8,0.8868532996678764,1.0,0.4944783530684509,0.4844609895411233,82,-0.006987741851283258,0.17625414564657552,0.9856853413137618
8,0.9527231979520183,0.0,0.5136823042132513,0.4807007030727352,82,0.074090085628226,-0.011635317318873961,0.9989231872105898
9,1.0,0.34433778708952617,0.6455123155129193,0.25794207759238275,164,-0.025269223178002065,-0.01914723852061334,1.0862279042320426
9,1.0,1.0,0.6163140174614296,0.13753784579643352,164,-0.019477135138162738,0.08682005129680048,1.15254887862487
9,0.8910681758756447,1.0,0.5210879837091242,0.285449185511945,164,-0.00421868601059594,0.1991161147217332,1.0306968888065615
9,0.8039687634732517,1.0,0.5389965948991388,0.4914793989001508,164,0.0010073330708129102,0.3062246921307617,0.9556403267701182
9,0.7156723210747962,1.0,0.5272821919901404,0.516008951877219,164,0.0011877759983943692,0.4367965902401799,0.9050656309008543
9,0.6110505088365531,1.0,0.5530005272194519,0.4844751474341878,164,-0.0005068204191411851,0.5770761825369852,0.8223721514352487
9,0.49602186565031936,1.0,0.5493600454545443,0.4757401864662082,164,-0.0014721030703337412,0.7122764567089575,0.7039522044015
9,0.3782723355683176,1.0,0.5539582096485806,0.4808271514699223,164,-0.006067748363047631,0.8279959044663752,0.5591323865847131
9,0.25431125860225456,1.0,0.544384422420212,0.48507025998579173,164,-0.012828520590856596,0.9236984901578937,0.38911041788410383
9,0.11935776074243545,1.0,0.5247051875138316,0.4905593754336825,164,-0.017155489490052023,0.9973884763321352,0.18912344120073704
9,0.09129570467956616,1.0,0.5196920596136145,0.490907830489938,164,-0.01737154864456003,1.0090939411377224,0.1456822239560155
9,0.006778327017255972,1.0,0.4711214365473364,0.5167703136370335,164,-0.015075894711673365,1.037840165598698,0.010802521429295164
9,1.0,0.0,0.5015577507348243,0.48501174634101174,164,-0.00664678297580501,-0.013971540029398766,1.0018090448372108
9,1.0,0.3742816188397746,0.5040030222048586,0.4754916007341903,164,-0.01102041674899662,-0.006456482946033071,1.0008958250530338
9,0.9500669190363273,1.0,0.5009817239393691,0.4897414905362568,164,0.0009006180066183367,0.08049548118887073,0.9968471426012049
9,0.8796209593722344,0.9972291985255681,0.5305960415756151,0.4928094933429456,164,0.0025898340623203286,0.19027393888153202,0.9832896034952872
9,0.7758293026370162,1.0,0.5083755925439254,0.5325979529839309,164,0.0025911758077290514,0.3491935977279577,0.942583825729309
9,0.6682770158479361,1.0,0.5657003710517622,0.4619355275581224,164,-0.0009771722444030795,0.5018192548871376,0.8730358574252663
9,0.5653796170362724,0.9470718790047129,0.5445212837548904,0.47080695991210353,164,0.05317093473643525,0.6436854543664329,0.7785231542687576
9,0.4285726402783089,1.0,0.585264981518036,0.47060353538306743,164,-0.00402369569535882,0.7815323860785448,0.6252936864353515
9,0.3071918027643346,1.0,0.5615982091933612,0.49911432134198463,164,-0.009648027468464215,0.8861673087833409,0.46365931950958766
9,0.19053838293861733,1.0,0.5263912201910222,0.5069506252492942,164,-0.015014024527084724,0.9622388260577509,0.2967872665623885
9,0.0907941891231734,1.0,0.5556973511106276,0.5334201696015632,164,-0.01539830026891531,1.010030133737379,0.14591600081448386
9,0.004894304967462154,1.0,0.4623725117328923,0.5169202806765819,164,-0.014572989251108226,1.0383891794913254,0.007622190919715388
9,0.9405295304442066,0.0,0.5054101379459237,0.4925712620258388,164,0.08248400932315852,-0.006631637051381978,0.9964688347181818
9,0.9161942479514638,0.015819306495024735,0.5037638421271755,0.4895834030401216,164,0.11793737159672352,0.001169344794513416,0.9922749080535289
9,0.8807857082856553,0.49500302220959363,0.5181890682917024,0.48052779019744946,164,0.12163404968486102,0.1289310632722261,0.9833077817872935
9,0.7629331668345768,0.591582061741785,0.5323800019851457,0.48032403860847683,164,0.21153850513257577,0.29314745139242177,0.9341143645886174
9,0.7146770039965884,0.6660296987703332,0.5364509442039629,0.4810272475342483,164,0.21615313858483023,0.38239791149981445,0.90408891972881
9,0.5778486806837649,0.6986988195431115,0.4673159410082248,0.5075144787676533,164,0.2917642216748117,0.5618792058542204,0.7920970352845356
9,0.5101210321767695,0.8082616974278384,0.5446160877833356,0.43086606831348856,164,0.2060774024920849,0.6946016001160695,0.7225271349203153
9,0.33911508239478605,0.759938367402329,0.5249805711464423,0.5410405158499091,164,0.31718774736601213,0.8409706618852546,0.5080280101732075
9,0.224971127307039,0.7877834268173024,0.5605257221445951,0.47351082097145847,164,0.29715998682382505,0.9390058846752704,0.3470588813442166
9,0.10160331410013668,0.8894598790464417,0.6241259363894305,0.45967624808727814,164,0.15963011999890325,1.0383588072418535,0.16201436159496452
9,0.0,1.0,0.034317718102450046,0.48495305366768054,164,0.11269715436428313,1.0404942979909027,-0.0014311397527264624
9,0.8705869146930093,0.0,0.513532202742723,0.5178022891708124,164,0.18998014616179565,-0.0012854280042464694,0.981653591980352
9,0.8342086283192715,0.0076468144734408924,0.5055439697533809,0.504426165120265,164,0.24423299656235398,0.00463462893929778,0.9684403770014703
9,0.7985521971920496,0.22265925516245208,0.5041810394329933,0.5411013614661522,164,0.2710390919418082,0.11408336942483088,0.9544750127882347
9,0.7093621288770208,0.4371026477675694,0.579429844033663,0.5264723500195664,164,0.3241123650399018,0.2763671998041377,0.9037584365377959
9,0.6114123437882726,0.4708875542456338,0.5812464739551141,0.4700660629669492,164,0.4058746290244836,0.37992104276395494,0.824580357906478
9,0.5069573178956343,0.5796551280568134,0.5101513208725048,0.4371850890223312,164,0.42761813807288873,0.5455999550466886,0.7180440137938854
9,0.37094246358226085,0.6577774865858045,0.44530449204239253,0.4061235167427619,164,0.4415739177708234,0.7239467898278714,0.5573139293641306
9,0.21105557432550198,0.6671262447360031,0.5677886039394072,0.4934410107599331,164,0.4669108088503412,0.8320660492503917,0.32713679613138336
9,0.11410305752163244,0.702755101705892,0.5389197824490211,0.5687252002459552,164,0.43585082106597756,0.9310344052734857,0.18379436781797492
9,0.0,0.7316666379575808,0.5307406049587402,0.5278057914548163,164,0.3984720310713684,0.9947095062640506,0.0010320616028753893
9,0.7801686853909043,0.0,0.5070573428641159,0.50773150733341,164,0.3275705783818883,0.0025797068629304643,0.9435252950690174
9,0.7369922091349725,0.005560952333613683,0.505345948829197,0.5166952572137246,164,0.3922238161294687,0.005895193331675319,0.9186217871316856
9,0.6989380236924714,0.1927726533241775,0.5398379708420615,0.48983755142648877,164,0.41246515694936353,0.13857014387392896,0.8928043004008737
9,0.626455049173762,0.3712959869412935,0.50607579797395,0.49378756966201814,164,0.44691379737810594,0.3018509068462574,0.8345376190028851
9,0.5239275905296181,0.4918738602316151,0.541287719651839,0.4640500234386684,164,0.4779511501985197,0.4659667688980259,0.7345757780528023
9,0.3877854041955875,0.5448786948117611,0.5681180519306909,0.46977047253094106,164,0.5348523514126315,0.6048295358373389,0.5720246240225568
9,0.20360775186644126,0.5468808385640339,0.6151919795561457,0.4200477166415024,164,0.6240272280751593,0.6997471545458369,0.3175703542909051
9,0.09565546139502996,0.5992755926174891,0.5902028325794603,0.4656165476127022,164,0.5796365980448482,0.7923766583180274,0.1526075510236945
9,0.0,0.6305836528514702,0.5278563419219637,0.46265054745995354,164,0.5447092165480133,0.8581321306982825,9.53623862809394e-05
9,0.6885625501891972,0.0,0.5550852651262401,0.47772060535685235,164,0.4647841314052366,0.004700128683486293,0.8865776559654058
9,0.6564857712558606,0.0432320836605422,0.5476213507784158,0.4960892137633379,164,0.5046623289349661,0.034853978611137815,0.8603765200932341
9,0.5645406204532495,0.17073409473453457,0.5370596889259905,0.4844516836991261,164,0.5965360547276519,0.1622301506017074,0.7760360593929307
9,0.49449426702454635,0.33262129089567355,0.5432066920609238,0.4840663428675078,164,0.607078205433848,0.35453441325574186,0.7009406303220671
9,0.3557521710190998,0.32868752201392926,0.568052882201339,0.5156458854824052,164,0.735970860859602,0.41956566596928374,0.5302107571029021
9,0.27315306141574963,0.4729173190756951,0.5974415953786427,0.4698493146908249,164,0.670476517910706,0.6067084549434425,0.4175433105600414
9,0.13735052684139143,0.5329372801528737,0.5970519380676814,0.44120981008449683,164,0.6565743416988861,0.7082280034745653,0.2167981074099103
9,0.0,0.5311609285498914,0.5252315412537567,0.4482783056708126,164,0.6742069832313698,0.7399428629875411,-2.1196229216147167e-05
9,0.5831248485498275,0.0,0.3801304491754641,0.6440624225586227,164,0.6247734617029589,-0.0047859827576211544,0.8271684438062457
9,0.503635184328483,0.0,0.5202413704357362,0.5321419857911447,164,0.7070289377607161,-0.003384888496669902,0.7116240632822349
9,0.42999302405776796,0.12965093480950587,0.5795296195780921,0.5170743146247848,164,0.7620896476901715,0.14012382154435596,0.6262370291219865
9,0.34405296073799396,0.21008487178151491,0.5904713191636821,0.49667000987495113,164,0.8089292879552448,0.26413525148360595,0.5155239089029806
9,0.23393227838370406,0.2864771577999463,0.646169471914599,0.4520632600835122,164,0.8493408275824579,0.40912948460117815,0.3638856577493634
9,0.06568589224317242,0.33803989944845,0.5212084549073669,0.4993730419801863,164,0.8588537195470618,0.5336006501202424,0.10650684242665964
9,0.0,0.5208457041230401,0.5057438174914348,0.45628357204651626,164,0.6860523641630631,0.7314349354808962,-4.491020149721692e-05
9,0.46211412510207966,0.0,0.5296130612902222,0.4981919127817045,164,0.7505267366023769,-0.001195059645158203,0.663035266628096
9,0.39929903147462736,0.018382222513636533,0.5452473754787466,0.49628168379174065,164,0.8098947902653528,0.016585250172742705,0.5860569223872854
9,0.32315638071603814,0.12314578989079064,0.5568195670063297,0.48121605421252744,164,0.8538678953356775,0.14714464181430076,0.48607761616741857
9,0.2167131107723166,0.18833251841158927,0.5538618927822337,0.5194531051380142,164,0.899028585091852,0.25523223444884735,0.3367401836197974
9,0.07672422805360457,0.23955373549010098,0.5088888101933754,0.5594504112187311,164,0.9209593637904359,0.36966119357508953,0.12594639041220612
9,0.0,0.29112091233525433,0.5305717022631028,0.5417568396603267,164,0.8978909911297694,0.47428200116093533,0.0019233554163707867
9,0.361804144985602,0.0,0.5323636271095644,0.5284486389442951,164,0.8447154611739514,-0.005352588860276564,0.5383394292108847
9,0.29746533710256867,0.06693518444014328,0.6010863755776245,0.46166757324959184,164,0.8866739886800122,0.07758474872448817,0.45261181613187096
9,0.17138243353488614,0.10239959633206205,0.5581423770828052,0.5120404509805404,164,0.9451623183403587,0.1270932147855971,0.26980206102214255
9,0.10199801480332299,0.16275195614934507,0.4943194794944489,0.6117571569815959,164,0.9542985721338056,0.23483483295786836,0.16839591059007142
9,0.0,0.21097514969240333,0.5222036654247826,0.5432605905797276,164,0.9439325477642563,0.32663401824238375,0.0019634599439259937
9,0.22754996374753278,0.0,0.5387981041437216,0.5093974651255545,164,0.9323239264848332,-0.005471097581613238,0.35256792021208605
9,0.15436215698898353,0.0,0.5473738308575612,0.5147019049864068,164,0.9640817409209512,-0.006565203869921099,0.24454043547531779
9,0.09087885989083015,0.08912802940255302,0.5242765586077578,0.5342572087098112,164,0.9718869046635247,0.1116576831799968,0.14758195165231625
9,0.0,0.1488387561268278,0.5247157377014753,0.5455428922730703,164,0.9692564013542088,0.21516879796530147,0.0021464022047980036
9,0.14220310259394803,0.0,0.5435034082960772,0.5269660929909719,164,0.9682026274208102,-0.00721626903515088,0.22658119125266335
9,0.06948857394042654,0.0,0.5364395338363058,0.5427077250252602,164,0.9876722512705004,-0.007122938645893695,0.11436273095177885
9,0.0,0.07657254909085028,0.5234492639382107,0.5476777191645658,164,0.9882345905208518,0.0984385536993973,0.002294779712758044
9,0.0,0.005982627365648127,0.5258679877451897,0.5524826260725407,164,0.9978867990922939,0.002053348661392118,0.002565037505109724
9,0.5875023416396046,0.0,0.5422186911021767,0.45846147488228106,164,0.6027490136327239,0.0051931024176294915,0.8003015172521859
9,0.715782002727099,0.6042978245288406,0.5381216374082688,0.4797269769689151,164,0.24526789145582253,0.35256361387049884,0.904898262652092
9,0.32317595773587793,0.11398940463113506,0.5442136377144124,0.4938975345804779,164,0.8561942585841618,0.13374698894015885,0.4859682671388903
9,0.586280001730719,1.0,0.5391980839830294,0.5250838162404001,164,0.0006833296266224309,0.6097731829220596,0.7988914684388944
9,0.2043554077289938,0.17583499817048004,0.5565173725130098,0.5116040588224479,164,0.9096699252777791,0.23715261672420507,0.31846709179970933
9,0.3137667835372869,0.03436618305501443,0.532012171568789,0.5168008474426753,164,0.8775863238334439,0.03290740142176862,0.4737443310958632
9,0.7415996109625718,0.4022648360984261,0.5163271903280091,0.42540363403977155,164,0.2935555121177583,0.228628163641372,0.9263981048665217
9,0.4998165662754161,0.260960577391093,0.5481338195964638,0.48102272818518577,164,0.6369493442206493,0.2784623283744857,0.7071744234472512
9,0.7027625721620744,0.20034983403275272,0.5277201709598552,0.48593065291672616,164,0.4051804032233702,0.14223926894460767,0.8953254002014037
10,1.0,1.0,0.4642235863648355,0.09049599449108875,95,-0.07446591114591078,0.08629353225964054,1.1643527589648717
10,0.7292684006228745,1.0,0.5535599109368317,0.11130319158434931,95,-0.02748712044486812,0.502446528734589,1.0588467694831092
10,1.0,0.0,0.50415238870162,0.48056693615260315,95,-0.01562413832453885,-0.023130083919896127,1.0021421376797246
10,1.0,1.0,0.5079847182908078,0.47105712545713335,95,-0.011076250661603282,0.00219384577185483,1.0002795964286937
10,0.9251786641485394,1.0,0.5451709323285872,0.44622480998215497,95,-0.00556000148754171,0.11855244625349909,0.9948291512986465
10,0.8287301335772597,1.0,0.5031755926329446,0.4898335610511238,95,-0.002459697125397009,0.26389190854427735,0.9638640700339214
10,0.727553401199389,1.0,0.4828848257956899,0.5153214523708398,95,-0.001940527664866909,0.41407094673264905,0.9111346188605838
10,0.6029211814359926,1.0,0.500813694810559,0.5075599522068936,95,-0.002225561090483219,0.5852089772991275,0.8123018016074537
10,0.4804528266774661,1.0,0.4937101722508805,0.5251093870239142,95,-0.0008218339398399221,0.7289272453367153,0.685384873090063
10,0.3457651671904683,1.0,0.47506620402816896,0.5106237955379279,95,0.003030112035251886,0.8531886237394727,0.5166738574584455
10,0.21984733696407013,1.0,0.4414818235209559,0.47970311332993487,95,0.007299180371922009,0.9365480831246404,0.33929537126748405
10,0.10713796549456855,1.0,0.4690481997891226,0.48753304777601825,95,-0.0005371015027503256,0.9887421747596674,0.16839916277507927
10,0.0,1.0,0.39703087156718136,0.4567013206433096,95,-0.0007150960569274334,1.0182452495506005,-0.0018238704835931152
10,1.0,0.0,0.7940090691567079,0.9915293543125968,95,0.17030621986373007,-0.08147686527809173,1.2982597367326778
10,0.9784939769257084,0.0,0.5294748338098545,0.48013133684492826,95,0.02057751493619081,-0.018784199171047677,1.0012879917526463
10,0.9499202755569428,0.21718250552275598,0.5115254780142928,0.4721653263765809,95,0.05839775049110563,0.02941588010118651,0.9971368019603304
10,0.8327150688033269,0.7442508472590889,0.5053377868214726,0.492178580291314,95,0.11030449585210966,0.23647795317273196,0.9655003967745477
10,0.7894938068158937,0.805761202462024,0.5301296857916252,0.42067829117001604,95,0.10368713558194809,0.31112174690607985,0.9520458349491281
10,0.665160535401977,0.8140474193241857,0.4956888611856668,0.5039064521250551,95,0.1496182653090966,0.477878032084201,0.8654196027983784
10,0.5262175400258923,0.8523607573005799,0.496377130378764,0.4751343824946968,95,0.15980483472150248,0.6558449149308957,0.7365978494412772
10,0.24793148530375408,0.9272200055592049,0.3434422448911717,0.43604632255073933,95,0.13202691254001553,0.9095901511376876,0.38895938239045064
10,0.24072311041549763,0.9167994574906627,0.35281113418231214,0.43909030091500223,95,0.14623962113439992,0.9109150482317874,0.3771472233984804
10,0.1170432722076762,0.936521167072524,0.42051164050562284,0.4503314426908016,95,0.10651545215168007,0.9734862777853039,0.18447623252271184
10,0.01715672015947981,0.9455995232447146,0.39766219133972747,0.4586442099141081,95,0.08857476845228768,1.0046163343276293,0.026252040590176717
10,0.9601112830732677,0.0,0.9289382512896649,0.7625443264151914,95,0.21423440098494728,-0.05524460879690707,1.2364041954297575
10,0.8942603888386683,0.0,0.508073582677132,0.5193305173843327,95,0.15144107067128787,-0.006248095007333587,0.9880406764470828
10,0.8583210332883239,0.19388203599824114,0.5059664593105335,0.49410870755414144,95,0.19366001330199598,0.0737386284526158,0.9756750744480409
10,0.7820929976870509,0.4261442917223101,0.5113280400650075,0.5004443826002637,95,0.2521512018719563,0.21112160233883948,0.9423308399298918
10,0.6829641223856358,0.5735660893267298,0.5070290566793497,0.5064548276638903,95,0.29509838133790744,0.3735005213545687,0.8788999462315152
10,0.5603426048538059,0.6593568530882521,0.5421794954322475,0.529337979377431,95,0.32628402102090476,0.5482965175708507,0.7726814845764857
10,0.4197597147787669,0.7433682610496717,0.4661526137988674,0.46950681136514566,95,0.32072470301135503,0.718577490647158,0.6138144414646647
10,0.27005640615365034,0.8101507584236399,0.38455095246087007,0.45747790456157,95,0.29111951160536353,0.8557895393061277,0.4170265508789411
10,0.14656337909166717,0.8175917500916088,0.4877468023207651,0.5082017303060006,95,0.27816962496576636,0.9279524804334891,0.22934815826793414
10,0.022102306793888565,0.8598898877022345,0.4089126355727912,0.4884003167359181,95,0.22209747115877998,0.9794143516753064,0.03467772741595698
10,0.8057327252237874,0.0,0.506079644401367,0.5383430532944006,95,0.291124720676728,-0.0009382935369124379,0.9565019802670631
10,0.753726002529736,0.16607225545687437,0.4234401986578801,0.5073369782420725,95,0.3552205652008257,0.10231788929569552,0.9334752404659378
10,0.6748362343780705,0.3124028269779445,0.5289268198792398,0.5486465449269671,95,0.4197076062892755,0.2353892266005924,0.8749692241361068
10,0.5463038484822826,0.39909390961044006,0.5020350381172197,0.4841030970959292,95,0.524104835428699,0.38684791408451313,0.7571074496351027
10,0.438167461786616,0.5608003904106555,0.5058615135424168,0.5605435098414147,95,0.49796225462163374,0.5935231435153071,0.6371000465784912
10,0.2452125377677627,0.7015872856210738,0.4508933426978378,0.4829686156778794,95,0.43188025539003655,0.8131043690330515,0.376559721652789
10,0.15669582350206845,0.6848098986093468,0.44324098836446796,0.48059722521291454,95,0.47235660545903263,0.8402265440805314,0.2453442961196728
10,0.0,0.6606817823351459,0.44866268907034923,0.45502595347802394,95,0.51255073082476,0.861053252097106,-0.0006737761798535358
10,0.698206436511051,0.0,0.4921331682366574,0.5252795824691598,95,0.45296773027312437,-0.00020118960170456557,0.8909882944931768
10,0.6347908668426099,0.1083705675259074,0.5259229140472391,0.5257455311326326,95,0.5278442516500613,0.09501140705520272,0.8409679288063795
10,0.5392958666852835,0.2467308440556142,0.5278972559762065,0.47237699627042035,95,0.6037249307021452,0.2579116555833881,0.7508725372532816
10,0.4054011111213886,0.33794945304232304,0.5125669187657893,0.503931031572169,95,0.6912685205734871,0.4079667150445155,0.5946068625943016
10,0.2598360186061411,0.409963104424819,0.4900321916894552,0.49606200493360975,95,0.7394124749847342,0.5456820679858432,0.3971337019432217
10,0.13475799248002224,0.49142386671195964,0.5260018974776702,0.46069850567250015,95,0.7055478864343374,0.6759140963540535,0.2111822345120279
10,0.0,0.5438411440400149,0.4947358738778448,0.46913045755506594,95,0.6574180025849555,0.7548270098118777,2.3571247176334964e-09
10,0.566415882301791,0.0,0.48090729491223655,0.5446679756949038,95,0.6321352424704482,-0.005819208386534491,0.7786932324942674
10,0.45708788303588604,0.04870078654275167,0.5165213358160665,0.5004150423521869,95,0.7488386077630196,0.056757651407191634,0.658008539691819
10,0.3735467727275914,0.17615632117900837,0.5260097882189821,0.5136472169841054,95,0.7972946645546,0.22731525623137588,0.554211099484212
10,0.23760045779135508,0.25556571806766337,0.5383512859053896,0.47133235211442426,95,0.8581823082151909,0.3631571762584642,0.3652523556895371
10,0.13815028053213577,0.3565504927362822,0.5407604324530184,0.5235353349656394,95,0.8291756179300973,0.5207288831239814,0.21808241269829204
10,0.0,0.4066519005148341,0.4870594958803123,0.4709773406041361,95,0.8069173593200833,0.5953481070335845,0.00014629281574174424
10,0.44638412607307065,0.0,0.5272849924426094,0.49758795804838374,95,0.7646857740932396,-0.0001694094393177581,0.6456205419371409
10,0.33783868646957205,0.05217720898649849,0.529463915492382,0.49935278568669683,95,0.856981948636657,0.06956186917566543,0.5067332448600224
10,0.22649739215993994,0.14845948242514007,0.5359712872587991,0.5069977198243587,95,0.9089709093414893,0.2148007036959473,0.3496164798285577
10,0.10862446539644066,0.23219597768084432,0.49819354963080936,0.5233652844161226,95,0.9198800319728218,0.35125330938277693,0.17295510547254034
10,0.0,0.2884621492208566,0.49340985685300015,0.49287208158238854,95,0.901904277163787,0.4395863047603914,0.0006779277600521549
10,0.3180949429775082,0.0,0.5202438259988623,0.4854502317755834,95,0.8776163486319561,-0.0006075514900011902,0.4795703805343138
10,0.1933279241465068,0.038957681984025896,0.5452659975802846,0.49271690467612833,95,0.9486403879370027,0.05696382397530708,0.3006622617786051
10,0.11417268669699687,0.12057734352563718,0.54123895366677,0.5218549115786841,95,0.9624785371612405,0.18508084416427467,0.18176171812027153
10,0.0,0.18621547324490767,0.49996920863606764,0.5057837848664494,95,0.9580015047831987,0.289942298308996,0.001104730833978218
10,0.18429637372570495,0.003709759465609661,0.5381271474566188,0.501277307472454,95,0.9553696167119496,0.004189018610616269,0.28736219460421464
10,0.046816319898446895,0.023929743240061488,0.5405961217069505,0.520167726059518,95,0.9940460335329186,0.03852252174108911,0.07682124301988258
10,0.0,0.0884415145612797,0.5089934971826986,0.5054608382893035,95,0.989850490037931,0.13760144978388017,0.0012889289957616068
10,0.0903015148010201,0.0,0.5124126628163782,0.49483671216268027,95,0.9882168215623757,-0.00383544385005663,0.14409298432156403
10,0.0,0.010388188393228373,0.5078925153729583,0.5351181626734878,95,1.0015428167609266,0.019473870489368494,0.00207159793863243
10,0.0,0.0,0.5318495060516697,0.5143060463484459,95,1.0019107858540544,0.0012317309573272595,0.0017798496398356844
10,0.3349494247282409,0.4661007605547598,0.5047411705596766,0.5009170788894195,95,0.6476797420537064,0.5741972743376591,0.5020459792106391
10,0.2487768631160513,0.05392151505517499,0.5652852374443508,0.5181792838167073,95,0.9187755952473158,0.07873709014886687,0.3834649339332819
10,0.655081638337837,1.0,0.4705835070032695,0.2615366589171727,95,-0.009319388643826976,0.5541233840403657,0.9131429548433665
10,0.36426265481894193,0.6568428815029532,0.46470785377701995,0.42184651238242055,95,0.44735432009138065,0.7161325494256967,0.5449792920717604
10,0.0,0.4778080995482781,0.5048302308547814,0.46416927133183805,95,0.7337118235821969,0.6819754553898052,0.00010474252455761057
10,0.21197475172281566,0.0,0.24068278878408872,0.3544087883566658,95,1.0442881727518598,-0.0031505772723268155,0.3519609489743968
10,0.45481537340965955,0.3687063398125551,0.5704283494642123,0.6085195688121166,95,0.6401386422696431,0.42153864059431995,0.6658233520468446
10,0.6252553215394788,1.0,0.5317627681563691,0.49252975321200293,95,-0.0022322972737243707,0.5574340993358404,0.8330528604145935
10,0.6038753693944393,0.5088060989189338,0.47842300476616717,0.5243849857250888,95,0.4065361987792867,0.415626763890407,0.813716325274523
